CREATE DATABASE  IF NOT EXISTS `dbcdagsgc2` /*!40100 DEFAULT CHARACTER SET utf8 */;
USE `dbcdagsgc2`;
-- MySQL dump 10.13  Distrib 5.7.9, for Win64 (x86_64)
--
-- Host: localhost    Database: dbcdagsgc2
-- ------------------------------------------------------
-- Server version	5.7.11-log

/*!40101 SET @OLD_CHARACTER_SET_CLIENT=@@CHARACTER_SET_CLIENT */;
/*!40101 SET @OLD_CHARACTER_SET_RESULTS=@@CHARACTER_SET_RESULTS */;
/*!40101 SET @OLD_COLLATION_CONNECTION=@@COLLATION_CONNECTION */;
/*!40101 SET NAMES utf8 */;
/*!40103 SET @OLD_TIME_ZONE=@@TIME_ZONE */;
/*!40103 SET TIME_ZONE='+00:00' */;
/*!40014 SET @OLD_UNIQUE_CHECKS=@@UNIQUE_CHECKS, UNIQUE_CHECKS=0 */;
/*!40014 SET @OLD_FOREIGN_KEY_CHECKS=@@FOREIGN_KEY_CHECKS, FOREIGN_KEY_CHECKS=0 */;
/*!40101 SET @OLD_SQL_MODE=@@SQL_MODE, SQL_MODE='NO_AUTO_VALUE_ON_ZERO' */;
/*!40111 SET @OLD_SQL_NOTES=@@SQL_NOTES, SQL_NOTES=0 */;

--
-- Table structure for table `sgc_accion_generada`
--

DROP TABLE IF EXISTS `sgc_accion_generada`;
/*!40101 SET @saved_cs_client     = @@character_set_client */;
/*!40101 SET character_set_client = utf8 */;
CREATE TABLE `sgc_accion_generada` (
  `id_accion_generada` int(11) NOT NULL AUTO_INCREMENT,
  `correlativo_hallazgo` int(11) NOT NULL,
  `norma` varchar(45) NOT NULL,
  `descripcion` mediumtext NOT NULL,
  `fecha_inicio` date DEFAULT NULL,
  `fecha_fin` date DEFAULT NULL,
  `id_status` int(11) NOT NULL,
  `anio_informe_ei` int(4) NOT NULL,
  `no_informe_ei` int(11) NOT NULL,
  `id_analista` int(11) NOT NULL,
  `id_enlace` int(11) NOT NULL,
  `id_unidad` int(11) NOT NULL,
  `id_dependencia` int(11) NOT NULL,
  `id_ccl_accion_generada` int(11) NOT NULL,
  `id_proceso` int(11) NOT NULL,
  `id_tipo_accion` int(11) NOT NULL,
  `fecha` date DEFAULT NULL,
  `aprobado` int(11) DEFAULT NULL,
  PRIMARY KEY (`id_accion_generada`),
  KEY `fk_sgc_acciones_generadas_sgc_informe_ei1_idx` (`anio_informe_ei`,`no_informe_ei`),
  KEY `fk_sgc_acciones_generadas_sgc_empleados1_idx` (`id_analista`),
  KEY `fk_sgc_acciones_generadas_sgc_empleados2_idx` (`id_enlace`),
  KEY `fk_sgc_acciones_generadas_sgc_unidad2_idx` (`id_unidad`),
  KEY `fk_sgc_acciones_generadas_sgc_unidad3_idx` (`id_dependencia`),
  KEY `fk_sgc_accion_generada_sgc_ccl_acciones_generadas1_idx` (`id_ccl_accion_generada`),
  KEY `fk_sgc_accion_generada_sgc_proceso1_idx` (`id_proceso`),
  KEY `fk_sgc_accion_generada_sgc_tipo_accion1_idx` (`id_tipo_accion`),
  CONSTRAINT `fk_sgc_accion_generada_sgc_ccl_acciones_generadas1` FOREIGN KEY (`id_ccl_accion_generada`) REFERENCES `sgc_ccl_accion_generada` (`id_acciones`) ON DELETE NO ACTION ON UPDATE NO ACTION,
  CONSTRAINT `fk_sgc_accion_generada_sgc_proceso1` FOREIGN KEY (`id_proceso`) REFERENCES `sgc_proceso` (`id_proceso`) ON DELETE NO ACTION ON UPDATE NO ACTION,
  CONSTRAINT `fk_sgc_accion_generada_sgc_tipo_accion1` FOREIGN KEY (`id_tipo_accion`) REFERENCES `sgc_tipo_accion` (`id_tipo_accion`) ON DELETE NO ACTION ON UPDATE NO ACTION,
  CONSTRAINT `fk_sgc_acciones_generadas_sgc_empleados1` FOREIGN KEY (`id_analista`) REFERENCES `sgc_empleados` (`id_empleado`) ON DELETE NO ACTION ON UPDATE NO ACTION,
  CONSTRAINT `fk_sgc_acciones_generadas_sgc_empleados2` FOREIGN KEY (`id_enlace`) REFERENCES `sgc_empleados` (`id_empleado`) ON DELETE NO ACTION ON UPDATE NO ACTION,
  CONSTRAINT `fk_sgc_acciones_generadas_sgc_informe_ei1` FOREIGN KEY (`anio_informe_ei`, `no_informe_ei`) REFERENCES `sgc_informe_ei` (`anio`, `no_informe`) ON DELETE NO ACTION ON UPDATE NO ACTION,
  CONSTRAINT `fk_sgc_acciones_generadas_sgc_unidad2` FOREIGN KEY (`id_unidad`) REFERENCES `sgc_unidad` (`id_unidad`) ON DELETE NO ACTION ON UPDATE NO ACTION,
  CONSTRAINT `fk_sgc_acciones_generadas_sgc_unidad3` FOREIGN KEY (`id_dependencia`) REFERENCES `sgc_unidad` (`id_unidad`) ON DELETE NO ACTION ON UPDATE NO ACTION
) ENGINE=InnoDB AUTO_INCREMENT=266 DEFAULT CHARSET=utf8;
/*!40101 SET character_set_client = @saved_cs_client */;

--
-- Dumping data for table `sgc_accion_generada`
--

LOCK TABLES `sgc_accion_generada` WRITE;
/*!40000 ALTER TABLE `sgc_accion_generada` DISABLE KEYS */;
INSERT INTO `sgc_accion_generada` VALUES (259,1,'1','accion 1',NULL,NULL,14,2018,1,3,5,28,67,1,1,2,'2018-06-06',2),(260,2,'2 a)','accion 2',NULL,NULL,14,2018,1,3,5,30,41,5,6,2,'2018-06-06',2),(261,1,'3 b)','accion 3',NULL,NULL,2,2018,2,3,5,32,90,2,7,4,'2018-06-06',2),(262,2,'4 b)','accion 4',NULL,NULL,0,2018,2,11201013,22020116,31,75,2,6,2,'2018-06-06',2),(263,1,'5 c)','accion 5',NULL,NULL,0,2018,3,22020116,5,31,75,2,3,2,'2018-06-06',2),(264,2,'6','accion 6',NULL,NULL,3,2018,3,3,5,30,40,2,9,4,'2018-06-06',2),(265,1,'7 d)','accion 7',NULL,NULL,0,2018,4,22010133,22022005,31,74,1,3,4,'2018-06-06',NULL);
/*!40000 ALTER TABLE `sgc_accion_generada` ENABLE KEYS */;
UNLOCK TABLES;

--
-- Table structure for table `sgc_accion_realizar`
--

DROP TABLE IF EXISTS `sgc_accion_realizar`;
/*!40101 SET @saved_cs_client     = @@character_set_client */;
/*!40101 SET character_set_client = utf8 */;
CREATE TABLE `sgc_accion_realizar` (
  `id_accion_realizar` int(11) NOT NULL AUTO_INCREMENT,
  `id_plan` int(11) NOT NULL,
  `accion` varchar(95) NOT NULL,
  `responsable` varchar(90) NOT NULL,
  `fecha_inicio` date NOT NULL,
  `fecha_fin` date NOT NULL,
  `observaciones` varchar(100) NOT NULL,
  `id_status` int(11) NOT NULL,
  PRIMARY KEY (`id_accion_realizar`),
  KEY `idPlanxAccionRealizar_idx` (`id_plan`),
  CONSTRAINT `idPlanxAccionRealizar` FOREIGN KEY (`id_plan`) REFERENCES `sgc_plan_accion` (`id_plan`) ON DELETE NO ACTION ON UPDATE NO ACTION
) ENGINE=InnoDB AUTO_INCREMENT=153 DEFAULT CHARSET=utf8;
/*!40101 SET character_set_client = @saved_cs_client */;

--
-- Dumping data for table `sgc_accion_realizar`
--

LOCK TABLES `sgc_accion_realizar` WRITE;
/*!40000 ALTER TABLE `sgc_accion_realizar` DISABLE KEYS */;
INSERT INTO `sgc_accion_realizar` VALUES (148,79,'act1','TODAS LAS UNIDADES','2018-06-11','2018-06-13','OBS1',-2),(149,79,'act2','TODAS LAS UNIDADES','2018-06-19','2018-06-22','OBS2',2),(150,79,'act3','TODAS LAS UNIDADES','2018-06-25','2018-06-27','OBS3',0),(151,80,'act1 2','Todos','2018-06-04','2018-06-05','FUERA DE TIEMPO',0),(152,80,'act2 2','Todos','2018-06-05','2018-06-08','EN TIEMPO',0);
/*!40000 ALTER TABLE `sgc_accion_realizar` ENABLE KEYS */;
UNLOCK TABLES;

--
-- Table structure for table `sgc_ccl_accion_generada`
--

DROP TABLE IF EXISTS `sgc_ccl_accion_generada`;
/*!40101 SET @saved_cs_client     = @@character_set_client */;
/*!40101 SET character_set_client = utf8 */;
CREATE TABLE `sgc_ccl_accion_generada` (
  `id_acciones` int(11) NOT NULL AUTO_INCREMENT,
  `Accion` varchar(45) NOT NULL,
  PRIMARY KEY (`id_acciones`)
) ENGINE=InnoDB AUTO_INCREMENT=6 DEFAULT CHARSET=utf8;
/*!40101 SET character_set_client = @saved_cs_client */;

--
-- Dumping data for table `sgc_ccl_accion_generada`
--

LOCK TABLES `sgc_ccl_accion_generada` WRITE;
/*!40000 ALTER TABLE `sgc_ccl_accion_generada` DISABLE KEYS */;
INSERT INTO `sgc_ccl_accion_generada` VALUES (1,'NC-me'),(2,'NC-ma'),(3,'OB'),(4,'Otro'),(5,'OM');
/*!40000 ALTER TABLE `sgc_ccl_accion_generada` ENABLE KEYS */;
UNLOCK TABLES;

--
-- Table structure for table `sgc_documentos`
--

DROP TABLE IF EXISTS `sgc_documentos`;
/*!40101 SET @saved_cs_client     = @@character_set_client */;
/*!40101 SET character_set_client = utf8 */;
CREATE TABLE `sgc_documentos` (
  `id_documento` int(11) NOT NULL AUTO_INCREMENT,
  `Documento` varchar(45) NOT NULL,
  PRIMARY KEY (`id_documento`)
) ENGINE=InnoDB DEFAULT CHARSET=utf8;
/*!40101 SET character_set_client = @saved_cs_client */;

--
-- Dumping data for table `sgc_documentos`
--

LOCK TABLES `sgc_documentos` WRITE;
/*!40000 ALTER TABLE `sgc_documentos` DISABLE KEYS */;
/*!40000 ALTER TABLE `sgc_documentos` ENABLE KEYS */;
UNLOCK TABLES;

--
-- Table structure for table `sgc_eficacia`
--

DROP TABLE IF EXISTS `sgc_eficacia`;
/*!40101 SET @saved_cs_client     = @@character_set_client */;
/*!40101 SET character_set_client = utf8 */;
CREATE TABLE `sgc_eficacia` (
  `id_eficacia` int(11) NOT NULL,
  `estado` varchar(15) NOT NULL,
  `fecha_elaboracion` datetime NOT NULL,
  `anio_eficazia` int(5) NOT NULL,
  `mes_eficazia` varchar(20) NOT NULL,
  `dias_verificaciion` int(11) DEFAULT NULL,
  `observaciones` varchar(95) NOT NULL,
  `codigo_nuevo_plan` int(11) DEFAULT NULL,
  PRIMARY KEY (`id_eficacia`)
) ENGINE=InnoDB DEFAULT CHARSET=utf8;
/*!40101 SET character_set_client = @saved_cs_client */;

--
-- Dumping data for table `sgc_eficacia`
--

LOCK TABLES `sgc_eficacia` WRITE;
/*!40000 ALTER TABLE `sgc_eficacia` DISABLE KEYS */;
/*!40000 ALTER TABLE `sgc_eficacia` ENABLE KEYS */;
UNLOCK TABLES;

--
-- Table structure for table `sgc_empleados`
--

DROP TABLE IF EXISTS `sgc_empleados`;
/*!40101 SET @saved_cs_client     = @@character_set_client */;
/*!40101 SET character_set_client = utf8 */;
CREATE TABLE `sgc_empleados` (
  `id_empleado` int(11) NOT NULL AUTO_INCREMENT,
  `Nombre` mediumtext NOT NULL,
  `Apellido` varchar(45) DEFAULT NULL,
  `telefono` varchar(30) DEFAULT NULL,
  `cui` int(13) DEFAULT NULL,
  `email` varchar(100) DEFAULT NULL,
  `nit` varchar(10) DEFAULT NULL,
  `estado` int(11) DEFAULT NULL,
  `usuario_ing` varchar(45) DEFAULT NULL,
  `fecha_ing` datetime DEFAULT NULL,
  `motivo_baja` varchar(45) DEFAULT NULL,
  PRIMARY KEY (`id_empleado`)
) ENGINE=InnoDB AUTO_INCREMENT=220101071 DEFAULT CHARSET=utf8;
/*!40101 SET character_set_client = @saved_cs_client */;

--
-- Dumping data for table `sgc_empleados`
--

LOCK TABLES `sgc_empleados` WRITE;
/*!40000 ALTER TABLE `sgc_empleados` DISABLE KEYS */;
INSERT INTO `sgc_empleados` VALUES (1,'EL DIRECTOR',NULL,NULL,NULL,NULL,NULL,NULL,NULL,NULL,NULL),(2,'EL ADMINISTRADOR',NULL,NULL,NULL,NULL,NULL,NULL,NULL,NULL,NULL),(3,'EL ANALISTA',NULL,NULL,NULL,'marvin-lg@hotmail.com',NULL,NULL,NULL,NULL,NULL),(4,'EL LIDER',NULL,NULL,NULL,NULL,NULL,NULL,NULL,NULL,NULL),(5,'EL ENLACE',NULL,NULL,NULL,'marvin.leon@cdag.com.gt',NULL,NULL,NULL,NULL,NULL),(1011259,'CHAVEZ JOSE ANGEL',NULL,NULL,NULL,NULL,NULL,NULL,NULL,NULL,NULL),(1011260,'CANCINOS RODRIGUEZ FELIX SANTIAGO',NULL,NULL,NULL,NULL,NULL,NULL,NULL,NULL,NULL),(1011261,'DAVILA CARDENAS MIGUEL ANGEL',NULL,NULL,NULL,NULL,NULL,NULL,NULL,NULL,NULL),(1011271,'UYU SAJQUILL RODRIGO',NULL,NULL,NULL,NULL,NULL,NULL,NULL,NULL,NULL),(1011275,'RIVAS GAMEZ DOMINGO',NULL,NULL,NULL,NULL,NULL,NULL,NULL,NULL,NULL),(2200265,'PAZ GARCIA GABRIEL RICARDO',NULL,NULL,NULL,NULL,NULL,NULL,NULL,NULL,NULL),(10101015,'GUTIERREZ DE MALDONADO MARIA GRACIELA',NULL,NULL,NULL,NULL,NULL,NULL,NULL,NULL,NULL),(10101022,'LOPEZ HERNANDEZ  REINA ISABEL',NULL,NULL,NULL,NULL,NULL,NULL,NULL,NULL,NULL),(10101025,'PEREZ MARROQUIN GERMAN RODOLFO',NULL,NULL,NULL,NULL,NULL,NULL,NULL,NULL,NULL),(10101027,'ARENAS ESCOBAR CARLOS BENJAMIN',NULL,NULL,NULL,NULL,NULL,NULL,NULL,NULL,NULL),(10101031,'CORZO ROJAS RUTH ODILY',NULL,NULL,NULL,NULL,NULL,NULL,NULL,NULL,NULL),(10101036,'RODRIGUEZ PALACIOS JOSE BYRON',NULL,NULL,NULL,NULL,NULL,NULL,NULL,NULL,NULL),(10101044,'PEREZ MORALES LUIS ALBERTO',NULL,NULL,NULL,NULL,NULL,NULL,NULL,NULL,NULL),(10101057,'REYES MATIAS LUIS ARTURO',NULL,NULL,NULL,NULL,NULL,NULL,NULL,NULL,NULL),(10101060,'ALBUREZ GUEVARA MARIA LIZETTE',NULL,NULL,NULL,NULL,NULL,NULL,NULL,NULL,NULL),(10101061,'SOSA CABRERA MARIO RENE',NULL,NULL,NULL,NULL,NULL,NULL,NULL,NULL,NULL),(10101069,'CUYUN MENDEZ JOSE',NULL,NULL,NULL,NULL,NULL,NULL,NULL,NULL,NULL),(10101070,'PEREZ MANOLO',NULL,NULL,NULL,NULL,NULL,NULL,NULL,NULL,NULL),(10101071,'CARRILLO GALLARDO OTTO RENE',NULL,NULL,NULL,NULL,NULL,NULL,NULL,NULL,NULL),(10101077,'IBOY AMBROCIO SIMEON',NULL,NULL,NULL,NULL,NULL,NULL,NULL,NULL,NULL),(10101083,'RAMIREZ CASTAÑEDA LEONEL',NULL,NULL,NULL,NULL,NULL,NULL,NULL,NULL,NULL),(10101091,'PEREZ BAJAN EULOGIO',NULL,NULL,NULL,NULL,NULL,NULL,NULL,NULL,NULL),(10101094,'SIC GARCIA LUIS FLAVIO',NULL,NULL,NULL,NULL,NULL,NULL,NULL,NULL,NULL),(10101100,'MILIAN CARRERA ALEJANDRO',NULL,NULL,NULL,NULL,NULL,NULL,NULL,NULL,NULL),(10101102,'ZACARIAS ANTONIO',NULL,NULL,NULL,NULL,NULL,NULL,NULL,NULL,NULL),(10101111,'FLORIAN GUEVARA ANIBAL',NULL,NULL,NULL,NULL,NULL,NULL,NULL,NULL,NULL),(10101116,'BATRES MARROQUIN MARCO VINICIO',NULL,NULL,NULL,NULL,NULL,NULL,NULL,NULL,NULL),(10101119,'VIDES PINEDA JAIRO ENRIQUE',NULL,NULL,NULL,NULL,NULL,NULL,NULL,NULL,NULL),(10101121,'MARROQUIN LOPEZ HECTOR ALFREDO',NULL,NULL,NULL,NULL,NULL,NULL,NULL,NULL,NULL),(10101122,'ESCOBAR LOPEZ HAROLDO JUVENTINO',NULL,NULL,NULL,NULL,NULL,NULL,NULL,NULL,NULL),(10101125,'LOPEZ AGUILAR ABIMAEL',NULL,NULL,NULL,NULL,NULL,NULL,NULL,NULL,NULL),(10101126,'VASQUEZ GONZALEZ LIDIA ELVIRA',NULL,NULL,NULL,NULL,NULL,NULL,NULL,NULL,NULL),(10101127,'BARILLAS ARIAS ARNOLDO',NULL,NULL,NULL,NULL,NULL,NULL,NULL,NULL,NULL),(10101129,'MAZARIEGOS CAAL JOSE MANUEL',NULL,NULL,NULL,NULL,NULL,NULL,NULL,NULL,NULL),(10101130,'VILLATORO GARCIA ISRAEL',NULL,NULL,NULL,NULL,NULL,NULL,NULL,NULL,NULL),(10101132,'DE LEON DELGADO JOSE MARIANO',NULL,NULL,NULL,NULL,NULL,NULL,NULL,NULL,NULL),(10101141,'QUISQUINAY CUBUR PEDRO',NULL,NULL,NULL,NULL,NULL,NULL,NULL,NULL,NULL),(10101142,'MEZA POLANCO GANDHY RAFAEL',NULL,NULL,NULL,NULL,NULL,NULL,NULL,NULL,NULL),(10101145,'GIRON MAJANO ROMAN',NULL,NULL,NULL,NULL,NULL,NULL,NULL,NULL,NULL),(10101149,'CUQUE SIPAQUE AGRIPINO',NULL,NULL,NULL,NULL,NULL,NULL,NULL,NULL,NULL),(10101152,'RAMIREZ BAUTISTA LUIS FERNANDO',NULL,NULL,NULL,NULL,NULL,NULL,NULL,NULL,NULL),(10101154,'CON ALVARES JOSE ALEJANDRO',NULL,NULL,NULL,NULL,NULL,NULL,NULL,NULL,NULL),(10101162,'MORALES TRUJILLO ERVIN GEOVANY',NULL,NULL,NULL,NULL,NULL,NULL,NULL,NULL,NULL),(10101163,'PAZ NOJ PEDRO',NULL,NULL,NULL,NULL,NULL,NULL,NULL,NULL,NULL),(10101164,'MORALES SALAZAR HUGO LEONEL',NULL,NULL,NULL,NULL,NULL,NULL,NULL,NULL,NULL),(10101166,'GALVEZ BLANCO CESAR EDGARDO',NULL,NULL,NULL,NULL,NULL,NULL,NULL,NULL,NULL),(10101167,'BOLAÑOS LOPEZ THYRONE FRANCISCO',NULL,NULL,NULL,NULL,NULL,NULL,NULL,NULL,NULL),(10101179,'MORALES OLIVARES ADOLFO DE JESUS',NULL,NULL,NULL,NULL,NULL,NULL,NULL,NULL,NULL),(10101185,'SANCHEZ DE LEON MANUEL DE JESUS',NULL,NULL,NULL,NULL,NULL,NULL,NULL,NULL,NULL),(10101186,'SAMAYOA SOTO OLGA JUDITH',NULL,NULL,NULL,NULL,NULL,NULL,NULL,NULL,NULL),(10101194,'CUQUE LOPEZ CARLOS OCTAVIO',NULL,NULL,NULL,NULL,NULL,NULL,NULL,NULL,NULL),(10101195,'RODRIGUEZ FLORES ADAN',NULL,NULL,NULL,NULL,NULL,NULL,NULL,NULL,NULL),(10101210,'LORENZO REYNOSO OSMEO MIGUEL',NULL,NULL,NULL,NULL,NULL,NULL,NULL,NULL,NULL),(10101221,'MONZON TOLEDO JULIO CESAR',NULL,NULL,NULL,NULL,NULL,NULL,NULL,NULL,NULL),(10101224,'MURALLES CRUZ JUAN ALBERTO',NULL,NULL,NULL,NULL,NULL,NULL,NULL,NULL,NULL),(10101227,'VELASQUEZ ERIKA KARINA',NULL,NULL,NULL,NULL,NULL,NULL,NULL,NULL,NULL),(10101230,'LOPEZ PORRAS LEOPOLDO EDUARDO',NULL,NULL,NULL,NULL,NULL,NULL,NULL,NULL,NULL),(10101240,'SANDOVAL MORALES MILVIA MARICELA ',NULL,NULL,NULL,NULL,NULL,NULL,NULL,NULL,NULL),(10101242,'FLORES RIVERA  JORGE MARIO ',NULL,NULL,NULL,NULL,NULL,NULL,NULL,NULL,NULL),(10101243,'HERRERA URBINA MAGDALENO ',NULL,NULL,NULL,NULL,NULL,NULL,NULL,NULL,NULL),(10101244,'OLIVA ESTRADA INGRID YOJANA',NULL,NULL,NULL,NULL,NULL,NULL,NULL,NULL,NULL),(10101249,'ZENTENO PIMENTEL MAXIMILIANO ALBERTO',NULL,NULL,NULL,NULL,NULL,NULL,NULL,NULL,NULL),(10101250,'ESCOBEDO DE LEON RITA GABRIELA ',NULL,NULL,NULL,NULL,NULL,NULL,NULL,NULL,NULL),(10101256,'MORALES MORALES EDGAR ROLANDO ',NULL,NULL,NULL,NULL,NULL,NULL,NULL,NULL,NULL),(10101263,'DELGADO GUILLEN  CARLOS HUMBERTO',NULL,NULL,NULL,NULL,NULL,NULL,NULL,NULL,NULL),(10101266,'GODOY EDGAR ALFREDO',NULL,NULL,NULL,NULL,NULL,NULL,NULL,NULL,NULL),(10101268,'BARRERA PIVARAL OLIVER DANIEL',NULL,NULL,NULL,NULL,NULL,NULL,NULL,NULL,NULL),(10101269,'GOMEZ GONZALEZ ELADIO',NULL,NULL,NULL,NULL,NULL,NULL,NULL,NULL,NULL),(10101271,'ENRIQUEZ LOPEZ EDUARDO FRANCISCO',NULL,NULL,NULL,NULL,NULL,NULL,NULL,NULL,NULL),(10101274,'LOPEZ GODOY DE ALVARADO VERONICA SUSANA',NULL,NULL,NULL,NULL,NULL,NULL,NULL,NULL,NULL),(10101277,'RIVERA ESCOLIN JULIO GENARO',NULL,NULL,NULL,NULL,NULL,NULL,NULL,NULL,NULL),(10101284,'COBO PEREZ PEDRO',NULL,NULL,NULL,NULL,NULL,NULL,NULL,NULL,NULL),(10101285,'ENRIQUEZ GODINEZ NEFTALI',NULL,NULL,NULL,NULL,NULL,NULL,NULL,NULL,NULL),(10101287,'JACINTO JACINTO MARIA MERCEDES',NULL,NULL,NULL,NULL,NULL,NULL,NULL,NULL,NULL),(10101291,'CORDON ARRIAZA CARLOS RAFAEL',NULL,NULL,NULL,NULL,NULL,NULL,NULL,NULL,NULL),(10101294,'AVILA GOMEZ  ROSA MARIA',NULL,NULL,NULL,NULL,NULL,NULL,NULL,NULL,NULL),(10101298,'CASTILLO MORALES HELEN LISSETH',NULL,NULL,NULL,NULL,NULL,NULL,NULL,NULL,NULL),(10101302,'DE LEON LEMUS CLAUDIA MICHELLE',NULL,NULL,NULL,NULL,NULL,NULL,NULL,NULL,NULL),(10101307,'ALBUREZ JORGE FERNANDO',NULL,NULL,NULL,NULL,NULL,NULL,NULL,NULL,NULL),(10101309,'GIRON GUILLEN JOSE ANTONIO ',NULL,NULL,NULL,NULL,NULL,NULL,NULL,NULL,NULL),(10101310,'DIAZ FABIAN JUAN HUMBERTO ',NULL,NULL,NULL,NULL,NULL,NULL,NULL,NULL,NULL),(10101314,'CUQUE VALENZUELA EDGAR HAROLDO',NULL,NULL,NULL,NULL,NULL,NULL,NULL,NULL,NULL),(10101315,'SANTANDREA ALBUREZ RAUL ALEJANDRO',NULL,NULL,NULL,NULL,NULL,NULL,NULL,NULL,NULL),(10101316,'TORRES GARCIA DINA ELIZABETH',NULL,NULL,NULL,NULL,NULL,NULL,NULL,NULL,NULL),(10101317,'RUIZ JUAREZ OMAR GUSTAVO',NULL,NULL,NULL,NULL,NULL,NULL,NULL,NULL,NULL),(10101318,'PEREZ AMILCAR GIOVANNI',NULL,NULL,NULL,NULL,NULL,NULL,NULL,NULL,NULL),(10101319,'DE LEON RUIZ HEDILMAR ISRAEL',NULL,NULL,NULL,NULL,NULL,NULL,NULL,NULL,NULL),(10101320,'MIRANDA LOPEZ JOSE HUMBERTO',NULL,NULL,NULL,NULL,NULL,NULL,NULL,NULL,NULL),(10101321,'MELGAR KARLA YESENIA',NULL,NULL,NULL,NULL,NULL,NULL,NULL,NULL,NULL),(10101322,'RAMIREZ CASTAÑEDA ROBERTO',NULL,NULL,NULL,NULL,NULL,NULL,NULL,NULL,NULL),(10101325,'GUDIEL Y GUDIEL NELSON',NULL,NULL,NULL,NULL,NULL,NULL,NULL,NULL,NULL),(10101326,'SANTIZO COLINDRES SERGIO ROMEO',NULL,NULL,NULL,NULL,NULL,NULL,NULL,NULL,NULL),(10101327,'ISTUPE COROY HECTOR LORENZO',NULL,NULL,NULL,NULL,NULL,NULL,NULL,NULL,NULL),(10101328,'RAC MAYREN CARLOS RAMIRO',NULL,NULL,NULL,NULL,NULL,NULL,NULL,NULL,NULL),(10101329,'CULAJAY ROSALES GREGORIO ROLANDO',NULL,NULL,NULL,NULL,NULL,NULL,NULL,NULL,NULL),(10101332,'REYES VASQUEZ CARLOS ANTONIO',NULL,NULL,NULL,NULL,NULL,NULL,NULL,NULL,NULL),(10101335,'RAMIREZ LARA HERNAN ARELY',NULL,NULL,NULL,NULL,NULL,NULL,NULL,NULL,NULL),(10101336,'QUIB CABNAL FEDERICO',NULL,NULL,NULL,NULL,NULL,NULL,NULL,NULL,NULL),(10101337,'LOPEZ MATEO ROMAN ABELINO',NULL,NULL,NULL,NULL,NULL,NULL,NULL,NULL,NULL),(10101339,'SIPAC TZIRIN SOTERO',NULL,NULL,NULL,NULL,NULL,NULL,NULL,NULL,NULL),(10101340,'GONZALEZ AGREDA WILMAR AUDIEL',NULL,NULL,NULL,NULL,NULL,NULL,NULL,NULL,NULL),(10101341,'CASTELLANOS GARCIA ROSA AMADA',NULL,NULL,NULL,NULL,NULL,NULL,NULL,NULL,NULL),(10101343,'MIJANGOS ORANTES ANA MARIA',NULL,NULL,NULL,NULL,NULL,NULL,NULL,NULL,NULL),(10101344,'HERRARTE PINEDA EDGAR EDUARDO',NULL,NULL,NULL,NULL,NULL,NULL,NULL,NULL,NULL),(10101345,'FERRER GARCIA ELVIS ALFREDO',NULL,NULL,NULL,NULL,NULL,NULL,NULL,NULL,NULL),(10101346,'ARAGON ESQUIVEL MAURICIO ESTUARDO',NULL,NULL,NULL,NULL,NULL,NULL,NULL,NULL,NULL),(10101350,'REYES CORADO FRANCISCO JAVIER',NULL,NULL,NULL,NULL,NULL,NULL,NULL,NULL,NULL),(10101351,'GONZALEZ MAZARIEGOS LUIS GUSTAVO',NULL,NULL,NULL,NULL,NULL,NULL,NULL,NULL,NULL),(10101352,'MORALES VELEZ MARCO ANTONIO',NULL,NULL,NULL,NULL,NULL,NULL,NULL,NULL,NULL),(10101354,'OROZCO CHEW EDGAR ARNOLDO',NULL,NULL,NULL,NULL,NULL,NULL,NULL,NULL,NULL),(10101355,'SOLORZANO LOPEZ WALTER RENE',NULL,NULL,NULL,NULL,NULL,NULL,NULL,NULL,NULL),(10101356,'PINEDA BARALES JORGE LENIN',NULL,NULL,NULL,NULL,NULL,NULL,NULL,NULL,NULL),(10101357,'CHAJON CALDERON JOSE NESTOR',NULL,NULL,NULL,NULL,NULL,NULL,NULL,NULL,NULL),(10101358,'CUQUE VALENZUELA JUAN PABLO',NULL,NULL,NULL,NULL,NULL,NULL,NULL,NULL,NULL),(10101359,'GUOZ LUTIN TIMOTEO',NULL,NULL,NULL,NULL,NULL,NULL,NULL,NULL,NULL),(10101362,'MEIGHAN JUAREZ MARTA ALICIA',NULL,NULL,NULL,NULL,NULL,NULL,NULL,NULL,NULL),(10101364,'DEL VALLE GAMEZ MARIO RUBEN',NULL,NULL,NULL,NULL,NULL,NULL,NULL,NULL,NULL),(10101365,'REVOLORIO MORALES VILMA YANETH',NULL,NULL,NULL,NULL,NULL,NULL,NULL,NULL,NULL),(10101366,'MARTINEZ MENESES ALICIA DEL CARMEN',NULL,NULL,NULL,NULL,NULL,NULL,NULL,NULL,NULL),(10101373,'PEREZ ESTUARDO ENRIQUE',NULL,NULL,NULL,NULL,NULL,NULL,NULL,NULL,NULL),(10101374,'MARTINEZ SARTI IBI GIOVANNA',NULL,NULL,NULL,NULL,NULL,NULL,NULL,NULL,NULL),(10101377,'MADRID GONZALEZ LUIS NESTOR',NULL,NULL,NULL,NULL,NULL,NULL,NULL,NULL,NULL),(10101379,'GILARDI MATUS MARIA BEATRIZ',NULL,NULL,NULL,NULL,NULL,NULL,NULL,NULL,NULL),(10102007,'ILLESCAS RODAS MARIO RENE',NULL,NULL,NULL,NULL,NULL,NULL,NULL,NULL,NULL),(10102014,'MOTA MORALES DIANA PRISCILA',NULL,NULL,NULL,NULL,NULL,NULL,NULL,NULL,NULL),(10102015,'AVENDAÑO ANTON JUAN FERNANDO',NULL,NULL,NULL,NULL,NULL,NULL,NULL,NULL,NULL),(10102017,'FIGUEROA GODOY PEDRO ARTURO',NULL,NULL,NULL,NULL,NULL,NULL,NULL,NULL,NULL),(10102018,'NAJERA GONZALEZ MARLEN EUGENIA',NULL,NULL,NULL,NULL,NULL,NULL,NULL,NULL,NULL),(10102019,'HERNANDEZ MARTINEZ PEDRO DE JESUS',NULL,NULL,NULL,NULL,NULL,NULL,NULL,NULL,NULL),(10102021,'CARRILLO MAZARIEGOS MARIO EFRAIN',NULL,NULL,NULL,NULL,NULL,NULL,NULL,NULL,NULL),(10102023,'GARCIA SALAZAR LYGIA MERCEDES',NULL,NULL,NULL,NULL,NULL,NULL,NULL,NULL,NULL),(10102024,'ROSALES BARREDA DORA HERCILIA',NULL,NULL,NULL,NULL,NULL,NULL,NULL,NULL,NULL),(10102028,'GALICIA DE LEON NORA ELIZABETH',NULL,NULL,NULL,NULL,NULL,NULL,NULL,NULL,NULL),(10102032,'RALDA RECINOS ILEANA GUISELA',NULL,NULL,NULL,NULL,NULL,NULL,NULL,NULL,NULL),(10102033,'BARAHONA JACOME MAMERTO',NULL,NULL,NULL,NULL,NULL,NULL,NULL,NULL,NULL),(10102035,'GIL FERNANDEZ VICTOR MANUEL',NULL,NULL,NULL,NULL,NULL,NULL,NULL,NULL,NULL),(10102046,'RECINOS TOBAR FRANCISCO',NULL,NULL,NULL,NULL,NULL,NULL,NULL,NULL,NULL),(10102056,'JORDAN MORALES MARCO VINICIO ',NULL,NULL,NULL,NULL,NULL,NULL,NULL,NULL,NULL),(10102057,'PAZOS ORELLANA CAROLIA VECIME DUNIA',NULL,NULL,NULL,NULL,NULL,NULL,NULL,NULL,NULL),(10102060,'MORALES SANDOVAL LORENA ELIZABETH',NULL,NULL,NULL,NULL,NULL,NULL,NULL,NULL,NULL),(10102061,'HURTADO MUÑOZ ANA LUCIA',NULL,NULL,NULL,NULL,NULL,NULL,NULL,NULL,NULL),(10102062,'JUAREZ MORALES ROSA AMELIA',NULL,NULL,NULL,NULL,NULL,NULL,NULL,NULL,NULL),(10102063,'ALVAREZ ARANGO CARLOS FEDERICO',NULL,NULL,NULL,NULL,NULL,NULL,NULL,NULL,NULL),(10102066,'ILLESCAS ORELLANA CALVIN HAROLDO',NULL,NULL,NULL,NULL,NULL,NULL,NULL,NULL,NULL),(10102067,'MALDONADO RAMIREZ LONDRY IRENE',NULL,NULL,NULL,NULL,NULL,NULL,NULL,NULL,NULL),(10102068,'RODRIGUEZ CASTRO LUCRECIA NINNETTE',NULL,NULL,NULL,NULL,NULL,NULL,NULL,NULL,NULL),(10103003,'CABRERA MEJIA JUAN FRANCISCO',NULL,NULL,NULL,NULL,NULL,NULL,NULL,NULL,NULL),(10103007,'ORDOÑEZ FLORES MARVIN SANTIAGO ',NULL,NULL,NULL,NULL,NULL,NULL,NULL,NULL,NULL),(10103008,'MENDOZA RODRIGUEZ JOSE MIGUEL ANTONIO',NULL,NULL,NULL,NULL,NULL,NULL,NULL,NULL,NULL),(10103011,'ANDRADE REYES DAGOBERTO',NULL,NULL,NULL,NULL,NULL,NULL,NULL,NULL,NULL),(10103012,'SANTOS LEMUS CARLOS HUMBERTO',NULL,NULL,NULL,NULL,NULL,NULL,NULL,NULL,NULL),(10103013,'MENDOZA RODRIGUEZ SERGIO RENE',NULL,NULL,NULL,NULL,NULL,NULL,NULL,NULL,NULL),(10103014,'CHACON ALFARO STUARDO RAFAEL',NULL,NULL,NULL,NULL,NULL,NULL,NULL,NULL,NULL),(10103015,'MARTINEZ DE LEON MARVIN ALEXANDER',NULL,NULL,NULL,NULL,NULL,NULL,NULL,NULL,NULL),(10104007,'QUILO JAUREGUI MARGA EVELIN',NULL,NULL,NULL,NULL,NULL,NULL,NULL,NULL,NULL),(10104009,'ESCOBAR OLIVA VICTOR HUGO',NULL,NULL,NULL,NULL,NULL,NULL,NULL,NULL,NULL),(10104017,'RODRIGUEZ GARCIA SONIA ELIZABETH',NULL,NULL,NULL,NULL,NULL,NULL,NULL,NULL,NULL),(10104018,'CORONADO PAREDES ROSA JUDITH',NULL,NULL,NULL,NULL,NULL,NULL,NULL,NULL,NULL),(10105003,'GARCIA LIMA HECTOR ALEJANDRO',NULL,NULL,NULL,NULL,NULL,NULL,NULL,NULL,NULL),(10105008,'MATIAS MATIAS JOSE DOMINGO ',NULL,NULL,NULL,NULL,NULL,NULL,NULL,NULL,NULL),(10105011,'DE LEON HERRERA LILY ESMERALDA',NULL,NULL,NULL,NULL,NULL,NULL,NULL,NULL,NULL),(10105014,'AYALA MARROQUIN CELESTE AIDA',NULL,NULL,NULL,NULL,NULL,NULL,NULL,NULL,NULL),(10105016,'IZAGUIRRE NAVARRO HONNELL OSBERTO',NULL,NULL,NULL,NULL,NULL,NULL,NULL,NULL,NULL),(10112107,'FELIPE MARIO',NULL,NULL,NULL,NULL,NULL,NULL,NULL,NULL,NULL),(10112123,'ZULETA MONZON VICTOR ALBERTO ',NULL,NULL,NULL,NULL,NULL,NULL,NULL,NULL,NULL),(10112126,'GUZMAN MORATAYA ARNULFO',NULL,NULL,NULL,NULL,NULL,NULL,NULL,NULL,NULL),(10301002,'RAMIREZ LOBOS JOSE LUIS',NULL,NULL,NULL,NULL,NULL,NULL,NULL,NULL,NULL),(10301005,'BARRIOS CHAPERON EDWIN LEONEL ',NULL,NULL,NULL,NULL,NULL,NULL,NULL,NULL,NULL),(10301006,'SANCHEZ VALLE FRANCISCO ',NULL,NULL,NULL,NULL,NULL,NULL,NULL,NULL,NULL),(10301007,'CORONADO TOBAR RAUL ANIBAL',NULL,NULL,NULL,NULL,NULL,NULL,NULL,NULL,NULL),(10401004,'HIGUEROS CARRANZA SERGIO ROLANDO',NULL,NULL,NULL,NULL,NULL,NULL,NULL,NULL,NULL),(10401005,'XOYON ACAN JOSE SILVESTRE',NULL,NULL,NULL,NULL,NULL,NULL,NULL,NULL,NULL),(10401007,'FLORES ARGUETA RONY',NULL,NULL,NULL,NULL,NULL,NULL,NULL,NULL,NULL),(10401008,'CHOPEN SEQUEN CARLOS HUMBERTO',NULL,NULL,NULL,NULL,NULL,NULL,NULL,NULL,NULL),(10501003,'VASQUEZ ORELLANA TULIO ALBERTO ',NULL,NULL,NULL,NULL,NULL,NULL,NULL,NULL,NULL),(10501004,'LOPEZ OSORIO FELIPE',NULL,NULL,NULL,NULL,NULL,NULL,NULL,NULL,NULL),(10501007,'CASTELLANOS EDGAR RENE',NULL,NULL,NULL,NULL,NULL,NULL,NULL,NULL,NULL),(10501009,'GARCIA VENONI JORGE',NULL,NULL,NULL,NULL,NULL,NULL,NULL,NULL,NULL),(10501014,'SOLARES MENDOZA SILVESTRE',NULL,NULL,NULL,NULL,NULL,NULL,NULL,NULL,NULL),(10501020,'VELASQUEZ RODAS FEREM LIZARDO',NULL,NULL,NULL,NULL,NULL,NULL,NULL,NULL,NULL),(10501021,'AVILA CRUZ SERGIO GIOVANI',NULL,NULL,NULL,NULL,NULL,NULL,NULL,NULL,NULL),(10501022,'MORALES CASTELLANOS ELCIRA',NULL,NULL,NULL,NULL,NULL,NULL,NULL,NULL,NULL),(10501023,'GARCIA ARMANDO',NULL,NULL,NULL,NULL,NULL,NULL,NULL,NULL,NULL),(10601001,'GARCIA BARRIENTOS RUDIS ESTUARDO',NULL,NULL,NULL,NULL,NULL,NULL,NULL,NULL,NULL),(10601002,'ARANA CASTILLO SARVELIO ESTUARDO',NULL,NULL,NULL,NULL,NULL,NULL,NULL,NULL,NULL),(10601003,'MORENO RAMIREZ MARIO VICENTE',NULL,NULL,NULL,NULL,NULL,NULL,NULL,NULL,NULL),(10701003,'CALDERON JEREZ JUAN MANUEL ',NULL,NULL,NULL,NULL,NULL,NULL,NULL,NULL,NULL),(10701005,'PAR YAXON DOMINGO',NULL,NULL,NULL,NULL,NULL,NULL,NULL,NULL,NULL),(10701006,'PINZON MEDINA ELMER LIZARDO ',NULL,NULL,NULL,NULL,NULL,NULL,NULL,NULL,NULL),(10701007,'MATZUL XAR JUAN OVIDIO',NULL,NULL,NULL,NULL,NULL,NULL,NULL,NULL,NULL),(10801001,'MONTERROSO HERRERA FERNANDO ARTURO',NULL,NULL,NULL,NULL,NULL,NULL,NULL,NULL,NULL),(10801002,'AMEZQUITA HERNANDEZ MAIRA EMERITA',NULL,NULL,NULL,NULL,NULL,NULL,NULL,NULL,NULL),(10801003,'PRETZANTZIN SAQUIMUX PEDRO ROBERTO ',NULL,NULL,NULL,NULL,NULL,NULL,NULL,NULL,NULL),(10801004,'ARRIOLA FLORES OSCAR APARICIO ',NULL,NULL,NULL,NULL,NULL,NULL,NULL,NULL,NULL),(10801005,'YAX GARCIA JOSE CARLOS ',NULL,NULL,NULL,NULL,NULL,NULL,NULL,NULL,NULL),(10801006,'BATZ GARCIA FRANCISCO DOMINGO ',NULL,NULL,NULL,NULL,NULL,NULL,NULL,NULL,NULL),(10801008,'ORDOÑEZ DE LEON WALTER HIRAN',NULL,NULL,NULL,NULL,NULL,NULL,NULL,NULL,NULL),(10801009,'CUA ALVAREZ RICARDO CONSTANTINO',NULL,NULL,NULL,NULL,NULL,NULL,NULL,NULL,NULL),(10801010,'HERNANDEZ ZAPETA PEDRO REYES',NULL,NULL,NULL,NULL,NULL,NULL,NULL,NULL,NULL),(10801012,'TAX TOHOM JOSE AURELIO',NULL,NULL,NULL,NULL,NULL,NULL,NULL,NULL,NULL),(10901003,'VILLATORO RAMIREZ BLANCA DALILA',NULL,NULL,NULL,NULL,NULL,NULL,NULL,NULL,NULL),(10901005,'VELASQUEZ RODAS PEDRO EMILIO',NULL,NULL,NULL,NULL,NULL,NULL,NULL,NULL,NULL),(10901006,'ORTIZ MACHA EFRAIN',NULL,NULL,NULL,NULL,NULL,NULL,NULL,NULL,NULL),(10901007,'REYES YAX MARIO ROLANDO',NULL,NULL,NULL,NULL,NULL,NULL,NULL,NULL,NULL),(10901008,'ALVAREZ ORELLANA CESAR AUGUSTO',NULL,NULL,NULL,NULL,NULL,NULL,NULL,NULL,NULL),(10901009,'GARCIA CARRILLO MARIO ALFREDO',NULL,NULL,NULL,NULL,NULL,NULL,NULL,NULL,NULL),(10901013,'DE LEON COBON WILFREDO CRUZ',NULL,NULL,NULL,NULL,NULL,NULL,NULL,NULL,NULL),(10901014,'OCHOA LOPEZ MARCO TULIO ROBERTO',NULL,NULL,NULL,NULL,NULL,NULL,NULL,NULL,NULL),(10901015,'CARLOS CASTAÑEDA ARMIN ESAU',NULL,NULL,NULL,NULL,NULL,NULL,NULL,NULL,NULL),(10901016,'CASTILLO MARTINEZ ROLANDO',NULL,NULL,NULL,NULL,NULL,NULL,NULL,NULL,NULL),(10901017,'DIAZ MAZARIEGOS RODELVI',NULL,NULL,NULL,NULL,NULL,NULL,NULL,NULL,NULL),(10901020,'DE LEON ROJAS ALMIR EMILIO',NULL,NULL,NULL,NULL,NULL,NULL,NULL,NULL,NULL),(10901021,'MALDONADO MALDONADO MARITZA JUDITH',NULL,NULL,NULL,NULL,NULL,NULL,NULL,NULL,NULL),(10901024,'SOTOMAYOR VILLAGRAN MACABEO DE JESUS',NULL,NULL,NULL,NULL,NULL,NULL,NULL,NULL,NULL),(10901027,'SANTIZO LOPEZ JORGE DAVID',NULL,NULL,NULL,NULL,NULL,NULL,NULL,NULL,NULL),(10901029,'DOMINGUEZ ORTIZ JOSE VIRGILIO',NULL,NULL,NULL,NULL,NULL,NULL,NULL,NULL,NULL),(10901031,'ESCALANTE VALDEZ JORGE LUIS',NULL,NULL,NULL,NULL,NULL,NULL,NULL,NULL,NULL),(10901032,'LEIVA MENDEZ DE TOHOM ELMA YESENIA',NULL,NULL,NULL,NULL,NULL,NULL,NULL,NULL,NULL),(11001004,'LOPEZ TELLO BENEDICTO ALBERTO ',NULL,NULL,NULL,NULL,NULL,NULL,NULL,NULL,NULL),(11001008,'MORALES MAZARIEGOS GLORIA AZUCENA',NULL,NULL,NULL,NULL,NULL,NULL,NULL,NULL,NULL),(11001009,'SOPONY SOTOMAYOR JORGE ALBERTO',NULL,NULL,NULL,NULL,NULL,NULL,NULL,NULL,NULL),(11001011,'MONZON ESTRADA CRISTIAN ALEJANDRO',NULL,NULL,NULL,NULL,NULL,NULL,NULL,NULL,NULL),(11101002,'ALONZO GOMEZ MARIO FERNANDO ',NULL,NULL,NULL,NULL,NULL,NULL,NULL,NULL,NULL),(11101003,'PEREZ BAMACA ALFONSO HUMBERTO ',NULL,NULL,NULL,NULL,NULL,NULL,NULL,NULL,NULL),(11101005,'AVENDAÑO SANCHEZ MARCO ANTONIO ',NULL,NULL,NULL,NULL,NULL,NULL,NULL,NULL,NULL),(11101006,'GARCIA RAMON',NULL,NULL,NULL,NULL,NULL,NULL,NULL,NULL,NULL),(11101008,'GARCIA MALDONADO CARMELO',NULL,NULL,NULL,NULL,NULL,NULL,NULL,NULL,NULL),(11101009,'RAMIREZ GUEVARA MANUEL',NULL,NULL,NULL,NULL,NULL,NULL,NULL,NULL,NULL),(11101010,'MAZARIEGOS DE LEON JOSE',NULL,NULL,NULL,NULL,NULL,NULL,NULL,NULL,NULL),(11101011,'MORALES REYES FRANCISCO',NULL,NULL,NULL,NULL,NULL,NULL,NULL,NULL,NULL),(11101013,'LOPEZ DE LEON JOSE ANTONIO ',NULL,NULL,NULL,NULL,NULL,NULL,NULL,NULL,NULL),(11101016,'DELGADO SANTAY BENITO VICENTE',NULL,NULL,NULL,NULL,NULL,NULL,NULL,NULL,NULL),(11101017,'CANIL HERNANDEZ MARIO BALDEMAR',NULL,NULL,NULL,NULL,NULL,NULL,NULL,NULL,NULL),(11101018,'OXLAJ VASQUEZ JEREMIAS',NULL,NULL,NULL,NULL,NULL,NULL,NULL,NULL,NULL),(11101019,'GOMEZ REYES FRANCISCO ',NULL,NULL,NULL,NULL,NULL,NULL,NULL,NULL,NULL),(11101020,'RODAS VILLEGAS RUTH NOEMI',NULL,NULL,NULL,NULL,NULL,NULL,NULL,NULL,NULL),(11101021,'GUINAC FLORES DE MORALES MARIA EUGENIA',NULL,NULL,NULL,NULL,NULL,NULL,NULL,NULL,NULL),(11101023,'VELASQUEZ CALDERON OSCAR ANTONIO',NULL,NULL,NULL,NULL,NULL,NULL,NULL,NULL,NULL),(11101024,'VALIENTE SANDOVAL JUANA AMALIA',NULL,NULL,NULL,NULL,NULL,NULL,NULL,NULL,NULL),(11201001,'VASQUEZ FUENTES MARIO RONY',NULL,NULL,NULL,NULL,NULL,NULL,NULL,NULL,NULL),(11201002,'OCHOA SANDOVAL JOSE ANGEL ENRIQUE',NULL,NULL,NULL,NULL,NULL,NULL,NULL,NULL,NULL),(11201006,'RODAS GODINEZ ROLANDO ISRAEL',NULL,NULL,NULL,NULL,NULL,NULL,NULL,NULL,NULL),(11201008,'DE LEON MALDONADO ABIGAIL FERNANDO',NULL,NULL,NULL,NULL,NULL,NULL,NULL,NULL,NULL),(11201011,'DE LEON BARRIOS DE SIGÛENZA YOLANDA NINETH',NULL,NULL,NULL,NULL,NULL,NULL,NULL,NULL,NULL),(11201013,'AGUILON LOPEZ FILIBERTO GONZALO',NULL,NULL,NULL,NULL,NULL,NULL,NULL,NULL,NULL),(11201014,'PEREZ MARROQUIN KARLY IMERY',NULL,NULL,NULL,NULL,NULL,NULL,NULL,NULL,NULL),(11201016,'MALDONADO GUZMAN OSMAR ARIEL ',NULL,NULL,NULL,NULL,NULL,NULL,NULL,NULL,NULL),(11201017,'RAMIREZ PEREZ DANIEL ISAIAS',NULL,NULL,NULL,NULL,NULL,NULL,NULL,NULL,NULL),(11301003,'VEGA JIMENEZ EDWIN RODERICO',NULL,NULL,NULL,NULL,NULL,NULL,NULL,NULL,NULL),(11301004,'GONZALEZ GONZALEZ MARIO RODOLFO ',NULL,NULL,NULL,NULL,NULL,NULL,NULL,NULL,NULL),(11301005,'LOPEZ MENDEZ AUGUSTO VIDAL',NULL,NULL,NULL,NULL,NULL,NULL,NULL,NULL,NULL),(11301006,'MARTINEZ RODAS BONIFACIO ROBERTO',NULL,NULL,NULL,NULL,NULL,NULL,NULL,NULL,NULL),(11301007,'GOMEZ ANGEL GABRIEL ',NULL,NULL,NULL,NULL,NULL,NULL,NULL,NULL,NULL),(11301008,'VASQUEZ CARDONA RIGOBERTO ',NULL,NULL,NULL,NULL,NULL,NULL,NULL,NULL,NULL),(11301009,'ROMERO MARIO DE JESUS',NULL,NULL,NULL,NULL,NULL,NULL,NULL,NULL,NULL),(11301010,'SOTO RIVERA JORGE DEONEL ',NULL,NULL,NULL,NULL,NULL,NULL,NULL,NULL,NULL),(11301011,'MATTA LOPEZ JOSE ALFREDO ',NULL,NULL,NULL,NULL,NULL,NULL,NULL,NULL,NULL),(11301012,'RIVAS BEATRIZ ADELI',NULL,NULL,NULL,NULL,NULL,NULL,NULL,NULL,NULL),(11301013,'FARFAN ORDOÑEZ MARIA DEL CARMEN',NULL,NULL,NULL,NULL,NULL,NULL,NULL,NULL,NULL),(11401003,'NATARENO JUAN CARLOS',NULL,NULL,NULL,NULL,NULL,NULL,NULL,NULL,NULL),(11401004,'GIL BARRIOS EDGAR ENRIQUE',NULL,NULL,NULL,NULL,NULL,NULL,NULL,NULL,NULL),(11401005,'DE LEON GARCIA ARMANDO BITALI',NULL,NULL,NULL,NULL,NULL,NULL,NULL,NULL,NULL),(11401006,'GOMEZ RAMIREZ PEDRO JAVIER',NULL,NULL,NULL,NULL,NULL,NULL,NULL,NULL,NULL),(11401007,'RODRIGUEZ CASTILLO CARLOS ROMEO',NULL,NULL,NULL,NULL,NULL,NULL,NULL,NULL,NULL),(11501002,'GULARTE PORRAS HAROL FERNANDO',NULL,NULL,NULL,NULL,NULL,NULL,NULL,NULL,NULL),(11501003,'BALCARCEL GONZALEZ MIGUEL ANGEL ',NULL,NULL,NULL,NULL,NULL,NULL,NULL,NULL,NULL),(11501004,'LOPEZ  GUERRERO FRANCISCO ELIODORO',NULL,NULL,NULL,NULL,NULL,NULL,NULL,NULL,NULL),(11501005,'MILIAN GARCIA HIDALGO ROLANDO ',NULL,NULL,NULL,NULL,NULL,NULL,NULL,NULL,NULL),(11501006,'LOPEZ FERNANDEZ RILTON AMARILDO',NULL,NULL,NULL,NULL,NULL,NULL,NULL,NULL,NULL),(11501007,'LOPEZ RODAS MARCO ANTONIO ',NULL,NULL,NULL,NULL,NULL,NULL,NULL,NULL,NULL),(11501008,'MILIAN VIELMAN MARLEN AIDA',NULL,NULL,NULL,NULL,NULL,NULL,NULL,NULL,NULL),(11601002,'WINTER CAAL HUGO WALTERIO',NULL,NULL,NULL,NULL,NULL,NULL,NULL,NULL,NULL),(11601003,'ORTEGA HERNANDEZ RAMON',NULL,NULL,NULL,NULL,NULL,NULL,NULL,NULL,NULL),(11601004,'MO ACAHAM SANTIAGO',NULL,NULL,NULL,NULL,NULL,NULL,NULL,NULL,NULL),(11701001,'DE PAZ GONZALEZ ESTEBAN',NULL,NULL,NULL,NULL,NULL,NULL,NULL,NULL,NULL),(11701003,'CARRERA DIAZ ROBERTO',NULL,NULL,NULL,NULL,NULL,NULL,NULL,NULL,NULL),(11701005,'ZETINA PUGA MARIO FRANCISCO',NULL,NULL,NULL,NULL,NULL,NULL,NULL,NULL,NULL),(11701008,'ESTRADA CANTE RAUL GONZALO',NULL,NULL,NULL,NULL,NULL,NULL,NULL,NULL,NULL),(11701009,'MENDOZA MENDEZ OSCAR RENE',NULL,NULL,NULL,NULL,NULL,NULL,NULL,NULL,NULL),(11701010,'MENDEZ MERLOS MARCOS MARTER',NULL,NULL,NULL,NULL,NULL,NULL,NULL,NULL,NULL),(11701011,'KILKAN PAAU HUGO RENE',NULL,NULL,NULL,NULL,NULL,NULL,NULL,NULL,NULL),(11701014,'MORALES OCHAETA HERLINDO',NULL,NULL,NULL,NULL,NULL,NULL,NULL,NULL,NULL),(11701015,'LOPEZ ESCALANTE MARIANO',NULL,NULL,NULL,NULL,NULL,NULL,NULL,NULL,NULL),(11701016,'AGUILAR ZETINA FRANCISCO RENE',NULL,NULL,NULL,NULL,NULL,NULL,NULL,NULL,NULL),(11801003,'MONROY MARTINEZ ORLANDO',NULL,NULL,NULL,NULL,NULL,NULL,NULL,NULL,NULL),(11801004,'CHAVEZ AQUINO JUAN FRANCISCO',NULL,NULL,NULL,NULL,NULL,NULL,NULL,NULL,NULL),(11801005,'RECINOS HERNANDEZ MIGUEL ANGEL ',NULL,NULL,NULL,NULL,NULL,NULL,NULL,NULL,NULL),(11801009,'LOPEZ MARROQUIN EDGAR AMILCAR',NULL,NULL,NULL,NULL,NULL,NULL,NULL,NULL,NULL),(11801011,'POLANCO TOBAR EFRAIN',NULL,NULL,NULL,NULL,NULL,NULL,NULL,NULL,NULL),(11801012,'RAMIREZ MENDEZ VISITACION',NULL,NULL,NULL,NULL,NULL,NULL,NULL,NULL,NULL),(11801013,'ENRIQUEZ JOSE MARIA',NULL,NULL,NULL,NULL,NULL,NULL,NULL,NULL,NULL),(11801014,'RAFAEL MENDEZ DARIO ',NULL,NULL,NULL,NULL,NULL,NULL,NULL,NULL,NULL),(11801015,'LOPEZ DE LA CRUZ MARIO',NULL,NULL,NULL,NULL,NULL,NULL,NULL,NULL,NULL),(11801016,'VASQUEZ GALVEZ WILFREDO DE JESUS',NULL,NULL,NULL,NULL,NULL,NULL,NULL,NULL,NULL),(11801017,'SANCHEZ RAMIREZ VIDAL',NULL,NULL,NULL,NULL,NULL,NULL,NULL,NULL,NULL),(11801018,'MADRID PINEDA HERALDO ENRIQUE',NULL,NULL,NULL,NULL,NULL,NULL,NULL,NULL,NULL),(11801019,'TORRES DE LEON JORGE DONALDO',NULL,NULL,NULL,NULL,NULL,NULL,NULL,NULL,NULL),(11801021,'CHACON GALLARDO MANUEL ROMEO',NULL,NULL,NULL,NULL,NULL,NULL,NULL,NULL,NULL),(11801023,'ESCOBAR EDRAS ARIEL',NULL,NULL,NULL,NULL,NULL,NULL,NULL,NULL,NULL),(11901001,'FRANCO RAMIREZ MAYNOR FRANCISCO',NULL,NULL,NULL,NULL,NULL,NULL,NULL,NULL,NULL),(11901002,'CANALES VARGAS BENJAMIN',NULL,NULL,NULL,NULL,NULL,NULL,NULL,NULL,NULL),(11901004,'CERNA CABALLEROS ALEXIS ELIZARDO',NULL,NULL,NULL,NULL,NULL,NULL,NULL,NULL,NULL),(11901006,'MARCOS SAGASTUME BERNABE ANTONIO ',NULL,NULL,NULL,NULL,NULL,NULL,NULL,NULL,NULL),(11901010,'LOPEZ ACABAL RAMIRO',NULL,NULL,NULL,NULL,NULL,NULL,NULL,NULL,NULL),(11901011,'HERNANDEZ DE LA CRUZ ZAIDA AZUCENA ',NULL,NULL,NULL,NULL,NULL,NULL,NULL,NULL,NULL),(11901012,'VILLELA LEMUS OCTAVIO ',NULL,NULL,NULL,NULL,NULL,NULL,NULL,NULL,NULL),(11901013,'LOPEZ CONTRERAS AMILCAR AROLDO',NULL,NULL,NULL,NULL,NULL,NULL,NULL,NULL,NULL),(11901017,'IXCAYAU IXCOY JOSE CUPERTINO',NULL,NULL,NULL,NULL,NULL,NULL,NULL,NULL,NULL),(11901019,'BARILLAS BUEZO CINDYA JOSE',NULL,NULL,NULL,NULL,NULL,NULL,NULL,NULL,NULL),(11901020,'GARCIA ZABALETA JOSE PABLO',NULL,NULL,NULL,NULL,NULL,NULL,NULL,NULL,NULL),(12001004,'GUERRA JOSE LUIS',NULL,NULL,NULL,NULL,NULL,NULL,NULL,NULL,NULL),(12001009,'MORALES CORDON GUSTAVO ADOLFO ',NULL,NULL,NULL,NULL,NULL,NULL,NULL,NULL,NULL),(12001011,'GARCIA AGUILAR OSCAR YOVANY',NULL,NULL,NULL,NULL,NULL,NULL,NULL,NULL,NULL),(12011016,'LOPEZ JOSE ELIAS',NULL,NULL,NULL,NULL,NULL,NULL,NULL,NULL,NULL),(12011018,'LEMUS MOSCOSO MARIA HERCILIA',NULL,NULL,NULL,NULL,NULL,NULL,NULL,NULL,NULL),(12011019,'DINA ROSALES IRIS BLANCA',NULL,NULL,NULL,NULL,NULL,NULL,NULL,NULL,NULL),(12011020,'ONOFRE PEREZ CATALINA ELIZABETH',NULL,NULL,NULL,NULL,NULL,NULL,NULL,NULL,NULL),(12011021,'MORALES RAMOS VINICIO SALVADOR',NULL,NULL,NULL,NULL,NULL,NULL,NULL,NULL,NULL),(12011023,'HERNANDEZ GALDAMEZ ALVARO ESTUARDO',NULL,NULL,NULL,NULL,NULL,NULL,NULL,NULL,NULL),(12011024,'ORTIZ FLORES NOE NICANOR',NULL,NULL,NULL,NULL,NULL,NULL,NULL,NULL,NULL),(12101002,'RECINOS ORELLANA SERGIO AMILCAR',NULL,NULL,NULL,NULL,NULL,NULL,NULL,NULL,NULL),(12101003,'NAJERA ORTIZ JOSE HUMBERTO',NULL,NULL,NULL,NULL,NULL,NULL,NULL,NULL,NULL),(12101004,'GARZA ESPINOZA RIGO HUMBERTO',NULL,NULL,NULL,NULL,NULL,NULL,NULL,NULL,NULL),(12101010,'RUANO COLINDRES CARLOS FRANCISCO',NULL,NULL,NULL,NULL,NULL,NULL,NULL,NULL,NULL),(12101014,'SARMIENTO MARROQUIN LUIS ARTURO',NULL,NULL,NULL,NULL,NULL,NULL,NULL,NULL,NULL),(12101016,'CRUZ FIGUEROA KARIM MANRIQUE',NULL,NULL,NULL,NULL,NULL,NULL,NULL,NULL,NULL),(12201002,'CRUZ IPIÑA TYRONE SIGFRIDO',NULL,NULL,NULL,NULL,NULL,NULL,NULL,NULL,NULL),(12201003,'GUTIERREZ LIMA MANUEL DE JESUS',NULL,NULL,NULL,NULL,NULL,NULL,NULL,NULL,NULL),(12201004,'FALLAS CORTEZ ARNULFO ',NULL,NULL,NULL,NULL,NULL,NULL,NULL,NULL,NULL),(12201007,'ALEJANDRO MONZON ERBYN',NULL,NULL,NULL,NULL,NULL,NULL,NULL,NULL,NULL),(12201010,'TENAS GUEVARA CARLOS',NULL,NULL,NULL,NULL,NULL,NULL,NULL,NULL,NULL),(12201013,'JIMENEZ LOPEZ EDWIN AUGUSTO',NULL,NULL,NULL,NULL,NULL,NULL,NULL,NULL,NULL),(21000394,'HILARIO DIAZ LUIS FELIPE',NULL,NULL,NULL,NULL,NULL,NULL,NULL,NULL,NULL),(21000395,'MUTAZ ULUAN PASCUALA',NULL,NULL,NULL,NULL,NULL,NULL,NULL,NULL,NULL),(21000396,'DIAZ ARBIZU ANDREW LEONEL',NULL,NULL,NULL,NULL,NULL,NULL,NULL,NULL,NULL),(21010127,'CAMPBELL MANZANARES LESLYE',NULL,NULL,NULL,NULL,NULL,NULL,NULL,NULL,NULL),(21010145,'ARGUETA MOSQUERA MARIA ISABEL',NULL,NULL,NULL,NULL,NULL,NULL,NULL,NULL,NULL),(21010146,'CUCA CASTELLANOS PEDRO',NULL,NULL,NULL,NULL,NULL,NULL,NULL,NULL,NULL),(21010152,'LOPEZ JA SANTIAGO',NULL,NULL,NULL,NULL,NULL,NULL,NULL,NULL,NULL),(21010154,'HERNANDEZ GARCIA FRANCISCA',NULL,NULL,NULL,NULL,NULL,NULL,NULL,NULL,NULL),(21010163,'OCHAETA SIN ALEXANDER DARINEL',NULL,NULL,NULL,NULL,NULL,NULL,NULL,NULL,NULL),(21010165,'COHUOJ CHAYAX MARCO TULIO RIGOBERTO',NULL,NULL,NULL,NULL,NULL,NULL,NULL,NULL,NULL),(21010166,'CAMPOS FARFAN GRISELDA',NULL,NULL,NULL,NULL,NULL,NULL,NULL,NULL,NULL),(21010167,'MORALES GIL ANGEL ARISTIDES',NULL,NULL,NULL,NULL,NULL,NULL,NULL,NULL,NULL),(21010172,'TURCIOS SUCHITE MARIA ALEJANDRA',NULL,NULL,NULL,NULL,NULL,NULL,NULL,NULL,NULL),(21010182,'RODAS SOSA RUDY RONALDO',NULL,NULL,NULL,NULL,NULL,NULL,NULL,NULL,NULL),(21010184,'DEL CID BLANCO MARCELA MARINA',NULL,NULL,NULL,NULL,NULL,NULL,NULL,NULL,NULL),(21010188,'DUARTE BIAN MARCOS ESTUARDO',NULL,NULL,NULL,NULL,NULL,NULL,NULL,NULL,NULL),(21010189,'LOPEZ REYES HUMBERTO',NULL,NULL,NULL,NULL,NULL,NULL,NULL,NULL,NULL),(21010192,'NATARENO FUENTES EDGAR GEOVANI',NULL,NULL,NULL,NULL,NULL,NULL,NULL,NULL,NULL),(21010193,'PEREIRA MAURICIO ANTONIO',NULL,NULL,NULL,NULL,NULL,NULL,NULL,NULL,NULL),(21010194,'GOMEZ AGUSTIN MIRIAM YESENIA',NULL,NULL,NULL,NULL,NULL,NULL,NULL,NULL,NULL),(21010196,'HERNANDEZ SANTA CRUZ JULIO CESAR',NULL,NULL,NULL,NULL,NULL,NULL,NULL,NULL,NULL),(21010197,'COL CHOC FELIPE',NULL,NULL,NULL,NULL,NULL,NULL,NULL,NULL,NULL),(21010200,'CARBAJAL ALVARADO WILMER FERNANDO',NULL,NULL,NULL,NULL,NULL,NULL,NULL,NULL,NULL),(21010217,'ACAN SAL JUAN GABRIEL',NULL,NULL,NULL,NULL,NULL,NULL,NULL,NULL,NULL),(21010219,'CANTE GUTIERREZ ESDRAS DANIEL',NULL,NULL,NULL,NULL,NULL,NULL,NULL,NULL,NULL),(21010220,'HONORATO MARIA GUILLERMINA',NULL,NULL,NULL,NULL,NULL,NULL,NULL,NULL,NULL),(21010226,'ALVIZURES REYES  HENRY ALBERTO',NULL,NULL,NULL,NULL,NULL,NULL,NULL,NULL,NULL),(21010229,'CHAVEZ IXCAMPARIC JOSE DANIEL',NULL,NULL,NULL,NULL,NULL,NULL,NULL,NULL,NULL),(21010230,'GOMEZ SAPON JOSE LUIS',NULL,NULL,NULL,NULL,NULL,NULL,NULL,NULL,NULL),(21010231,'QUIB CABNAL ERNESTO',NULL,NULL,NULL,NULL,NULL,NULL,NULL,NULL,NULL),(21010232,'COC CU VICTOR ROMEO',NULL,NULL,NULL,NULL,NULL,NULL,NULL,NULL,NULL),(21010233,'GOMEZ GOMEZ CARLOS ALBERTO',NULL,NULL,NULL,NULL,NULL,NULL,NULL,NULL,NULL),(21010234,'DAVILA ESTRADA EDGAR LEONEL',NULL,NULL,NULL,NULL,NULL,NULL,NULL,NULL,NULL),(21010235,'ARDIANO LOPEZ MARIO ANTULIO',NULL,NULL,NULL,NULL,NULL,NULL,NULL,NULL,NULL),(21010236,'RUBIO GALICIA JOSE ANTONIO',NULL,NULL,NULL,NULL,NULL,NULL,NULL,NULL,NULL),(21010238,'GUDIEL Y GUDIEL RUBEN',NULL,NULL,NULL,NULL,NULL,NULL,NULL,NULL,NULL),(21010239,'SANTIZO COLINDRES LUIS OSBERTO',NULL,NULL,NULL,NULL,NULL,NULL,NULL,NULL,NULL),(21010240,'ARDIANO GUZMAN MARIO EDU',NULL,NULL,NULL,NULL,NULL,NULL,NULL,NULL,NULL),(21010243,'COY RAXON SERGIO ANIBAL',NULL,NULL,NULL,NULL,NULL,NULL,NULL,NULL,NULL),(21010244,'ARDIANO LOPEZ EDGAR RENE',NULL,NULL,NULL,NULL,NULL,NULL,NULL,NULL,NULL),(21010245,'LOPEZ GARCIA MARCO ANTONIO',NULL,NULL,NULL,NULL,NULL,NULL,NULL,NULL,NULL),(21010246,'FLORES GOMEZ PEDRO ANTONIO',NULL,NULL,NULL,NULL,NULL,NULL,NULL,NULL,NULL),(21010247,'RAMIREZ CORADO MELVIN DANIEL',NULL,NULL,NULL,NULL,NULL,NULL,NULL,NULL,NULL),(21010248,'AJU SICAJAN DAVID HAROLDO',NULL,NULL,NULL,NULL,NULL,NULL,NULL,NULL,NULL),(21010252,'RODRIGUEZ MORALES SUE HELEN CAROLINA',NULL,NULL,NULL,NULL,NULL,NULL,NULL,NULL,NULL),(21010254,'ROSALES POLANCO OSWALDO',NULL,NULL,NULL,NULL,NULL,NULL,NULL,NULL,NULL),(21010259,'ALVAREZ TORRES YONI VINICIO',NULL,NULL,NULL,NULL,NULL,NULL,NULL,NULL,NULL),(21010260,'GIRON MEJIA LEONARDO GABRIEL',NULL,NULL,NULL,NULL,NULL,NULL,NULL,NULL,NULL),(21010261,'ZUÑIGA CARLA MICHELLE',NULL,NULL,NULL,NULL,NULL,NULL,NULL,NULL,NULL),(21010262,'MAAS LARIOS NANCY LISBETH',NULL,NULL,NULL,NULL,NULL,NULL,NULL,NULL,NULL),(21010264,'DE LA CRUZ MANCHAME KAREN JUDITH',NULL,NULL,NULL,NULL,NULL,NULL,NULL,NULL,NULL),(21010267,'GARCIA CRUZ  WILSON ARDANY',NULL,NULL,NULL,NULL,NULL,NULL,NULL,NULL,NULL),(21010271,'MARTINEZ GIRON EDVIN LEONEL',NULL,NULL,NULL,NULL,NULL,NULL,NULL,NULL,NULL),(21010273,'HERNANDEZ ACUTA  MARCOS WILFREDO',NULL,NULL,NULL,NULL,NULL,NULL,NULL,NULL,NULL),(21010274,'CHILE SANJAY MARCOS',NULL,NULL,NULL,NULL,NULL,NULL,NULL,NULL,NULL),(21010275,'OCHOA LOPEZ FREDY FRANCISCO',NULL,NULL,NULL,NULL,NULL,NULL,NULL,NULL,NULL),(21010276,'BAJXAC BAJXAC JUAN ORLANDO DE LA CRUZ',NULL,NULL,NULL,NULL,NULL,NULL,NULL,NULL,NULL),(21010277,'GARCIA CHOCOYO ISAIAS WALDEMAR',NULL,NULL,NULL,NULL,NULL,NULL,NULL,NULL,NULL),(21010280,'GARCIA CAZUN  MILADIS LUCRECIA',NULL,NULL,NULL,NULL,NULL,NULL,NULL,NULL,NULL),(21010281,'CUQUE VALENZUELA  CELESTE AZUCENA',NULL,NULL,NULL,NULL,NULL,NULL,NULL,NULL,NULL),(21010282,'ORELLANA ORELLANA JOSE FRANCISCO',NULL,NULL,NULL,NULL,NULL,NULL,NULL,NULL,NULL),(21010284,'TURCIOS PACHECO OSCAR RUMALDO',NULL,NULL,NULL,NULL,NULL,NULL,NULL,NULL,NULL),(21010285,'SMITH ANDREA GUADALUPE',NULL,NULL,NULL,NULL,NULL,NULL,NULL,NULL,NULL),(21010286,'LOPEZ JEREZ  EDUARDO EFRAIN',NULL,NULL,NULL,NULL,NULL,NULL,NULL,NULL,NULL),(21010287,'PAZ LOPEZ WENDY MARLENE',NULL,NULL,NULL,NULL,NULL,NULL,NULL,NULL,NULL),(21010289,'FIGUEROA ARROYO DIEGO',NULL,NULL,NULL,NULL,NULL,NULL,NULL,NULL,NULL),(21010290,'GUDIEL GUEVARA ERICK IGNACIO',NULL,NULL,NULL,NULL,NULL,NULL,NULL,NULL,NULL),(21010291,'CIFUENTES CHINCHILLA  EDGAR DAVID',NULL,NULL,NULL,NULL,NULL,NULL,NULL,NULL,NULL),(21010293,'RUANO SOTO JESSICA RENEE',NULL,NULL,NULL,NULL,NULL,NULL,NULL,NULL,NULL),(21010294,'ESQUIVEL ELENA SHARON PAMELA',NULL,NULL,NULL,NULL,NULL,NULL,NULL,NULL,NULL),(21010295,'ALVARADO CRUZ EDWIN ESTUARDO',NULL,NULL,NULL,NULL,NULL,NULL,NULL,NULL,NULL),(21010296,'TOLEDO MEDRANO JHASUA',NULL,NULL,NULL,NULL,NULL,NULL,NULL,NULL,NULL),(21010297,'SANDOVAL MAEDA  NESTOR ALFONSO',NULL,NULL,NULL,NULL,NULL,NULL,NULL,NULL,NULL),(21010298,'ISMATUL RUIZ NICOLAS FERNANDO',NULL,NULL,NULL,NULL,NULL,NULL,NULL,NULL,NULL),(21010299,'BARILLAS CRUZ OTTONIEL',NULL,NULL,NULL,NULL,NULL,NULL,NULL,NULL,NULL),(21010300,'VENTURA SATEY FRANCISCO',NULL,NULL,NULL,NULL,NULL,NULL,NULL,NULL,NULL),(21010301,'ATZ CAPIR GAUDENCIO',NULL,NULL,NULL,NULL,NULL,NULL,NULL,NULL,NULL),(21010302,'REYES ARIZANDIETA HENRY WILSOM',NULL,NULL,NULL,NULL,NULL,NULL,NULL,NULL,NULL),(21010303,'LOPEZ OZORIO OSCAR ROLANDO',NULL,NULL,NULL,NULL,NULL,NULL,NULL,NULL,NULL),(21010304,'SIQUIN LOPEZ DEMETRIO DE JESUS',NULL,NULL,NULL,NULL,NULL,NULL,NULL,NULL,NULL),(21010305,'ESQUIVEL MAEDA ANIVAL',NULL,NULL,NULL,NULL,NULL,NULL,NULL,NULL,NULL),(21010306,'ARDIANO GUZMAN CRISTOFER ANTULIO',NULL,NULL,NULL,NULL,NULL,NULL,NULL,NULL,NULL),(21010307,'MARCOS MEJIA CARLOS',NULL,NULL,NULL,NULL,NULL,NULL,NULL,NULL,NULL),(21010308,'CRUZ FLORIAN LEONEL ABELINO',NULL,NULL,NULL,NULL,NULL,NULL,NULL,NULL,NULL),(21010309,'CHAMORRO PINEDA RONY ESTUARDO',NULL,NULL,NULL,NULL,NULL,NULL,NULL,NULL,NULL),(21010310,'CABALLEROS HERCULES SIGIFREDO',NULL,NULL,NULL,NULL,NULL,NULL,NULL,NULL,NULL),(21010311,'IRIARTE PINEDA CARLOS GUILLERMO',NULL,NULL,NULL,NULL,NULL,NULL,NULL,NULL,NULL),(21010313,'ORELLANA HERNANDEZ MARVIN ALFREDO',NULL,NULL,NULL,NULL,NULL,NULL,NULL,NULL,NULL),(21010315,'TURUY RAXON  BAYRON FRANCISCO',NULL,NULL,NULL,NULL,NULL,NULL,NULL,NULL,NULL),(21010316,'RODAS GERONIMO  LISANDRO VILFREDY',NULL,NULL,NULL,NULL,NULL,NULL,NULL,NULL,NULL),(21010317,'PEREIRA OROZCO ALEX ROBERTO',NULL,NULL,NULL,NULL,NULL,NULL,NULL,NULL,NULL),(21010318,'MORALES CHAVEZ CARLOS OMAR',NULL,NULL,NULL,NULL,NULL,NULL,NULL,NULL,NULL),(21010319,'GARCIA CHAMALE MARVIN NOE',NULL,NULL,NULL,NULL,NULL,NULL,NULL,NULL,NULL),(21010320,'LOPEZ ARREAGA OLGA MARINA',NULL,NULL,NULL,NULL,NULL,NULL,NULL,NULL,NULL),(21010321,'CATU RAQUEC CARLOS ENRIQUE',NULL,NULL,NULL,NULL,NULL,NULL,NULL,NULL,NULL),(21010322,'GARCIA ESCOBAR ANGEL ANTONIO',NULL,NULL,NULL,NULL,NULL,NULL,NULL,NULL,NULL),(21010323,'SIC CASTELLANOS LUIS OSWALDO',NULL,NULL,NULL,NULL,NULL,NULL,NULL,NULL,NULL),(21010324,'CHAVEZ PAZ STEVEN DANIEL',NULL,NULL,NULL,NULL,NULL,NULL,NULL,NULL,NULL),(21010325,'SOLORZANO CASTELLANOS JONATHAN STEEVEN',NULL,NULL,NULL,NULL,NULL,NULL,NULL,NULL,NULL),(21010326,'GUZMAN ARRIOLA WILLIAM AROLDO',NULL,NULL,NULL,NULL,NULL,NULL,NULL,NULL,NULL),(21010327,'QUIB CABNAL OSCAR',NULL,NULL,NULL,NULL,NULL,NULL,NULL,NULL,NULL),(21010328,'CRUZ REGALADO GUSTAVO ALIRIO',NULL,NULL,NULL,NULL,NULL,NULL,NULL,NULL,NULL),(21010329,'MENDOZA LIMA EDGAR GEOVANNI',NULL,NULL,NULL,NULL,NULL,NULL,NULL,NULL,NULL),(21010330,'SINTU CUTE ROBIN ARMANDO',NULL,NULL,NULL,NULL,NULL,NULL,NULL,NULL,NULL),(21010331,'OCHOA INAY CRISTIAN FRANCISCO RAFAEL',NULL,NULL,NULL,NULL,NULL,NULL,NULL,NULL,NULL),(21010332,'PEREZ HANSEL JOSUE',NULL,NULL,NULL,NULL,NULL,NULL,NULL,NULL,NULL),(21010333,'MORALES CHAVEZ CARLOS YASSER',NULL,NULL,NULL,NULL,NULL,NULL,NULL,NULL,NULL),(21010335,'IZAGUIRRE OLIVEROS RODOLFO DAVID',NULL,NULL,NULL,NULL,NULL,NULL,NULL,NULL,NULL),(21010336,'TRUJILLO SALAZAR MARVIN FERNANDO',NULL,NULL,NULL,NULL,NULL,NULL,NULL,NULL,NULL),(21010337,'SANDOVAL MARIA ELENA',NULL,NULL,NULL,NULL,NULL,NULL,NULL,NULL,NULL),(21010338,'RODRIGUEZ RODRIGUEZ FELIX RICARDO',NULL,NULL,NULL,NULL,NULL,NULL,NULL,NULL,NULL),(21010342,'DELGADO CONCUA WENDY NATALI',NULL,NULL,NULL,NULL,NULL,NULL,NULL,NULL,NULL),(21010343,'QUAN LAU MARTHA',NULL,NULL,NULL,NULL,NULL,NULL,NULL,NULL,NULL),(21010344,'GUIX CUJUY ESDRAS SALVADOR',NULL,NULL,NULL,NULL,NULL,NULL,NULL,NULL,NULL),(21010345,'AGUILAR SICAJA MOISES OMAR',NULL,NULL,NULL,NULL,NULL,NULL,NULL,NULL,NULL),(21010346,'ARDON GUZMAN LUIS ALBERTO',NULL,NULL,NULL,NULL,NULL,NULL,NULL,NULL,NULL),(21010347,'MERIDA ARDON LUIS FELIPE',NULL,NULL,NULL,NULL,NULL,NULL,NULL,NULL,NULL),(21010348,'OXLAJ MEJIA TEOFILO',NULL,NULL,NULL,NULL,NULL,NULL,NULL,NULL,NULL),(21010349,'CALDERON LINARES HEYDI ANALI',NULL,NULL,NULL,NULL,NULL,NULL,NULL,NULL,NULL),(21010350,'CUA SOTO HILARIO ANTONIO ARON',NULL,NULL,NULL,NULL,NULL,NULL,NULL,NULL,NULL),(21010351,'LOPEZ XICAY RUBEN ALEXANDER',NULL,NULL,NULL,NULL,NULL,NULL,NULL,NULL,NULL),(21010352,'LOPRETO MUYUC LUIS HUMBERTO',NULL,NULL,NULL,NULL,NULL,NULL,NULL,NULL,NULL),(21010353,'YAX MUYUC  CARLOS ARMANDO',NULL,NULL,NULL,NULL,NULL,NULL,NULL,NULL,NULL),(21010355,'PACHECO ESTRADA BRALLAN OMAR',NULL,NULL,NULL,NULL,NULL,NULL,NULL,NULL,NULL),(21010356,'RANCHO SANTOS NERI MORASTI',NULL,NULL,NULL,NULL,NULL,NULL,NULL,NULL,NULL),(21010357,'LOPEZ CHANTE JERONIMO',NULL,NULL,NULL,NULL,NULL,NULL,NULL,NULL,NULL),(21010358,'CUYUCH LOPEZ NOE',NULL,NULL,NULL,NULL,NULL,NULL,NULL,NULL,NULL),(21010359,'AJANEL LOPEZ FRANCI MARIEL',NULL,NULL,NULL,NULL,NULL,NULL,NULL,NULL,NULL),(21010360,'BOLAÑOS MARCIAL  KENET DANILO',NULL,NULL,NULL,NULL,NULL,NULL,NULL,NULL,NULL),(21010361,'HERNANDEZ MIRA ABNER LISANDRO',NULL,NULL,NULL,NULL,NULL,NULL,NULL,NULL,NULL),(21010362,'PINEDA JIMENEZ ERVIN ESTUARDO',NULL,NULL,NULL,NULL,NULL,NULL,NULL,NULL,NULL),(21010363,'ALVARADO CIFUENTES CARLOS AUGUSTO',NULL,NULL,NULL,NULL,NULL,NULL,NULL,NULL,NULL),(21010364,'GUZMAN ARRIOLA GERMAN LIZANDRO',NULL,NULL,NULL,NULL,NULL,NULL,NULL,NULL,NULL),(21010365,'GRAJEDA DE LEON OSCAR MARVIN GABRIEL',NULL,NULL,NULL,NULL,NULL,NULL,NULL,NULL,NULL),(21010366,'VIVAR MORALES CRISTIAN JOSUE',NULL,NULL,NULL,NULL,NULL,NULL,NULL,NULL,NULL),(21010367,'CABRERA MEJIA  ALVARO ADOLFO',NULL,NULL,NULL,NULL,NULL,NULL,NULL,NULL,NULL),(21010368,'CUQUE VALENZUELA DE ROSALES VILMA LETICIA',NULL,NULL,NULL,NULL,NULL,NULL,NULL,NULL,NULL),(21010369,'MORALES PINEDA GERBER ANIBAL',NULL,NULL,NULL,NULL,NULL,NULL,NULL,NULL,NULL),(21010370,'LOPEZ GAONA DE CANO ADRIANA ELIZABETH',NULL,NULL,NULL,NULL,NULL,NULL,NULL,NULL,NULL),(21010371,'MEJIA ALVAREZ GERSSON JOSUE',NULL,NULL,NULL,NULL,NULL,NULL,NULL,NULL,NULL),(21010372,'TEMA RAMIREZ MARVIN RENE',NULL,NULL,NULL,NULL,NULL,NULL,NULL,NULL,NULL),(21010373,'SINTU ORELLANA ALEX OVIDIO',NULL,NULL,NULL,NULL,NULL,NULL,NULL,NULL,NULL),(21010374,'CUBUR GRAMAJO ANYELO EMMANUEL',NULL,NULL,NULL,NULL,NULL,NULL,NULL,NULL,NULL),(21010375,'CAHUEC RAMOS ROBINSON NOE',NULL,NULL,NULL,NULL,NULL,NULL,NULL,NULL,NULL),(21010376,'YOC CANEL  PABLO VINICIO',NULL,NULL,NULL,NULL,NULL,NULL,NULL,NULL,NULL),(21010377,'RIVERA SEQUEN EVELYN VANESSA',NULL,NULL,NULL,NULL,NULL,NULL,NULL,NULL,NULL),(21010378,'ROMERO LOPEZ EDGAR RIGOBERTO',NULL,NULL,NULL,NULL,NULL,NULL,NULL,NULL,NULL),(21010379,'CABRERA  FROILAN',NULL,NULL,NULL,NULL,NULL,NULL,NULL,NULL,NULL),(21010380,'DE LA CRUZ HERNANDEZ ROBERTO',NULL,NULL,NULL,NULL,NULL,NULL,NULL,NULL,NULL),(21010381,'PINEDA MORALES LUIS ANTONIO',NULL,NULL,NULL,NULL,NULL,NULL,NULL,NULL,NULL),(21010382,'RAMOS ZABALETA NELSON DAVID SAUL',NULL,NULL,NULL,NULL,NULL,NULL,NULL,NULL,NULL),(21010383,'ZABALETA GONZALEZ EDWIN RENE',NULL,NULL,NULL,NULL,NULL,NULL,NULL,NULL,NULL),(21010384,'MANUEL TECU RAFASKY ELIAZAR',NULL,NULL,NULL,NULL,NULL,NULL,NULL,NULL,NULL),(21010385,'RODRIGUEZ BALCARCEL MARLON ANTONIO',NULL,NULL,NULL,NULL,NULL,NULL,NULL,NULL,NULL),(21010387,'BURBANO MEJICANOS DULCE MARIA',NULL,NULL,NULL,NULL,NULL,NULL,NULL,NULL,NULL),(21010388,'ISEM CO CESAR ROLANDO',NULL,NULL,NULL,NULL,NULL,NULL,NULL,NULL,NULL),(21010389,'ORTIZ COSAJAY EDUARDO ENRIQUE',NULL,NULL,NULL,NULL,NULL,NULL,NULL,NULL,NULL),(21010390,'GOMEZ GOMEZ TITO JOSELINO',NULL,NULL,NULL,NULL,NULL,NULL,NULL,NULL,NULL),(21010391,'ANGUIANO ARAUJO RAUL EDUARDO',NULL,NULL,NULL,NULL,NULL,NULL,NULL,NULL,NULL),(21010392,'RAMIREZ BIVIANO JUAN ANIBAL',NULL,NULL,NULL,NULL,NULL,NULL,NULL,NULL,NULL),(21010393,'SANTOS COTOM ESTELA GRACIELA',NULL,NULL,NULL,NULL,NULL,NULL,NULL,NULL,NULL),(21010397,'TREJO MARROQUIN BLANCA EMILIA',NULL,NULL,NULL,NULL,NULL,NULL,NULL,NULL,NULL),(22001307,'DEL CID GARCIA  JULIO CESAR',NULL,NULL,NULL,NULL,NULL,NULL,NULL,NULL,NULL),(22001308,'MARROQUIN DE BUSTAMANTE GUSTAVO ADOLFO',NULL,NULL,NULL,NULL,NULL,NULL,NULL,NULL,NULL),(22001309,'GRIJALVA RODRIGUEZ LESLY GESENIA',NULL,NULL,NULL,NULL,NULL,NULL,NULL,NULL,NULL),(22001310,'ALVAREZ ARCHILA DE MUÑOZ ANA LUISA',NULL,NULL,NULL,NULL,NULL,NULL,NULL,NULL,NULL),(22001311,'MALDONADO CASTAÑEDA WILFIN LEONEL',NULL,NULL,NULL,NULL,NULL,NULL,NULL,NULL,NULL),(22001312,'DE LA ROCA ALVAREZ JORGE RAUL',NULL,NULL,NULL,NULL,NULL,NULL,NULL,NULL,NULL),(22001314,'VALDEZ PAIZ ANGEL ESTUARDO',NULL,NULL,NULL,NULL,NULL,NULL,NULL,NULL,NULL),(22001315,'RODRIGUEZ REVOLORIO MILVIAN KARINA',NULL,NULL,NULL,NULL,NULL,NULL,NULL,NULL,NULL),(22001317,'LEMUS ANGELA IRENE',NULL,NULL,NULL,NULL,NULL,NULL,NULL,NULL,NULL),(22001318,'BAL PAZ ADA MIRELLA STEPHANIE GABRIELA',NULL,NULL,NULL,NULL,NULL,NULL,NULL,NULL,NULL),(22001319,'MARTINEZ MALDONADO ASTRID ZULIBETH',NULL,NULL,NULL,NULL,NULL,NULL,NULL,NULL,NULL),(22001321,'CAHUEC CHUN GUSTAVO DANIEL',NULL,NULL,NULL,NULL,NULL,NULL,NULL,NULL,NULL),(22001322,'DIAZ BARRIOS DE DAVILA WENDY ROZANNA',NULL,NULL,NULL,NULL,NULL,NULL,NULL,NULL,NULL),(22001323,'PALACIOS MARROQUIN JUAN PABLO',NULL,NULL,NULL,NULL,NULL,NULL,NULL,NULL,NULL),(22001324,'ALVAREZ RAMOS YANIRA EMICELA',NULL,NULL,NULL,NULL,NULL,NULL,NULL,NULL,NULL),(22001325,'VASQUEZ ALVARADO AURA MARLENY',NULL,NULL,NULL,NULL,NULL,NULL,NULL,NULL,NULL),(22001326,'REYES VALIENTE FLOR DE MARIA',NULL,NULL,NULL,NULL,NULL,NULL,NULL,NULL,NULL),(22001328,'CUXUM CHOC JOSE ALEJANDRO JUNIOR',NULL,NULL,NULL,NULL,NULL,NULL,NULL,NULL,NULL),(22001330,'PAIZ VELIZ  MARVIN RENE',NULL,NULL,NULL,NULL,NULL,NULL,NULL,NULL,NULL),(22001331,'REYES GAMEZ MARIA DEL CARMEN',NULL,NULL,NULL,NULL,NULL,NULL,NULL,NULL,NULL),(22001332,'VIVAS ALFREDO GEOVANNY',NULL,NULL,NULL,NULL,NULL,NULL,NULL,NULL,NULL),(22001333,'GOMEZ ALVAREZ MARCO VINICIO',NULL,NULL,NULL,NULL,NULL,NULL,NULL,NULL,NULL),(22001334,'MATZIR YAL LUIS GILBERTO',NULL,NULL,NULL,NULL,NULL,NULL,NULL,NULL,NULL),(22001339,'URRUTIA ESCOBAR  BILLY JEFFERSON',NULL,NULL,NULL,NULL,NULL,NULL,NULL,NULL,NULL),(22001340,'MELCHOR ANLEU LAURA ELIZABETH',NULL,NULL,NULL,NULL,NULL,NULL,NULL,NULL,NULL),(22001341,'PAAU  ANIBAL EDUARDO',NULL,NULL,NULL,NULL,NULL,NULL,NULL,NULL,NULL),(22001342,'MONTERROSO BATRES LUIS ENRIQUE',NULL,NULL,NULL,NULL,NULL,NULL,NULL,NULL,NULL),(22001344,'VELASQUEZ SAUCEDO  FRANKLING JOSE ALFREDO',NULL,NULL,NULL,NULL,NULL,NULL,NULL,NULL,NULL),(22001345,'HERNANDEZ ACEVEDO AMILCAR RENE',NULL,NULL,NULL,NULL,NULL,NULL,NULL,NULL,NULL),(22001346,'CASTRO GOMEZ WILLIAM WLADIMIR',NULL,NULL,NULL,NULL,NULL,NULL,NULL,NULL,NULL),(22001347,'BRAN GOMEZ JONATHAN RICARDO',NULL,NULL,NULL,NULL,NULL,NULL,NULL,NULL,NULL),(22001349,'PAZ JEREZ KEVIN ALEJANDRO',NULL,NULL,NULL,NULL,NULL,NULL,NULL,NULL,NULL),(22001350,'PEREZ ERIK SAMUEL',NULL,NULL,NULL,NULL,NULL,NULL,NULL,NULL,NULL),(22001351,'CASTILLO MENDEZ CLAUDIA ELIZABETH',NULL,NULL,NULL,NULL,NULL,NULL,NULL,NULL,NULL),(22001352,'GONZALEZ MEJICANOS DE AGUILAR ANA LUCIA',NULL,NULL,NULL,NULL,NULL,NULL,NULL,NULL,NULL),(22001353,'CHUTAN PEREZ HENRY ALFREDO',NULL,NULL,NULL,NULL,NULL,NULL,NULL,NULL,NULL),(22001354,'DE LEON PAZ CARLOS RAFAEL',NULL,NULL,NULL,NULL,NULL,NULL,NULL,NULL,NULL),(22001355,'PEREZ TOMAS ABNER ENOS',NULL,NULL,NULL,NULL,NULL,NULL,NULL,NULL,NULL),(22001356,'GUDIEL CABRERA MARY CARMEN',NULL,NULL,NULL,NULL,NULL,NULL,NULL,NULL,NULL),(22001357,'ALVARADO CARRANZA DE TABARINI KARLA IVONNE',NULL,NULL,NULL,NULL,NULL,NULL,NULL,NULL,NULL),(22010002,'RODAS MAZARIEGOS MARTA ELENA',NULL,NULL,NULL,NULL,NULL,NULL,NULL,NULL,NULL),(22010004,'DOMINGO FRANCO LEA JUDITH',NULL,NULL,NULL,NULL,NULL,NULL,NULL,NULL,NULL),(22010006,'QUINTEROS QUEVEDO CARLOS AMILCAR',NULL,NULL,NULL,NULL,NULL,NULL,NULL,NULL,NULL),(22010007,'MIRANDA VEGA HERBER AROLDO',NULL,NULL,NULL,NULL,NULL,NULL,NULL,NULL,NULL),(22010009,'GARCIA CUELLAR HENRY LEONEL',NULL,NULL,NULL,NULL,NULL,NULL,NULL,NULL,NULL),(22010010,'PEREZ SEMET CESAR AUGUSTO',NULL,NULL,NULL,NULL,NULL,NULL,NULL,NULL,NULL),(22010012,'TOC MORALES WILLIAM JOEL',NULL,NULL,NULL,NULL,NULL,NULL,NULL,NULL,NULL),(22010013,'LEMUS VALDEZ JUAN IGNACIO RAFAEL',NULL,NULL,NULL,NULL,NULL,NULL,NULL,NULL,NULL),(22010014,'MENDEZ CRISTAL EVELIN ELIZABETH',NULL,NULL,NULL,NULL,NULL,NULL,NULL,NULL,NULL),(22010015,'CASTELLANOS CHINCHILLA KAREN ALEJANDRA',NULL,NULL,NULL,NULL,NULL,NULL,NULL,NULL,NULL),(22010016,'ESTRADA MENENDEZ VIOLETA DEL CARMEN',NULL,NULL,NULL,NULL,NULL,NULL,NULL,NULL,NULL),(22010018,'CARDONA SOSA CARLOS ALFREDO',NULL,NULL,NULL,NULL,NULL,NULL,NULL,NULL,NULL),(22010019,'HERNANDEZ ALVARADO ALEJANDRO',NULL,NULL,NULL,NULL,NULL,NULL,NULL,NULL,NULL),(22010021,'VALENCIA GIRON JORGE MARIO',NULL,NULL,NULL,NULL,NULL,NULL,NULL,NULL,NULL),(22010022,'REYES JHONATHAN JOSUE',NULL,NULL,NULL,NULL,NULL,NULL,NULL,NULL,NULL),(22010023,'ESPAÑA YOOL YESENIA CRISTABEL',NULL,NULL,NULL,NULL,NULL,NULL,NULL,NULL,NULL),(22010026,'ORTIZ CASTELLANOS VICTOR MANUEL',NULL,NULL,NULL,NULL,NULL,NULL,NULL,NULL,NULL),(22010027,'REYES LOPEZ ELUVIA MARICELA',NULL,NULL,NULL,NULL,NULL,NULL,NULL,NULL,NULL),(22010029,'RIVERA VASQUEZ KARIN JULISSA',NULL,NULL,NULL,NULL,NULL,NULL,NULL,NULL,NULL),(22010031,'REYES GARCIA JOSE ANTONIO',NULL,NULL,NULL,NULL,NULL,NULL,NULL,NULL,NULL),(22010033,'COLINDRES ARNULFO',NULL,NULL,NULL,NULL,NULL,NULL,NULL,NULL,NULL),(22010036,'GARCIA GARCIA JULIO ROBERTO',NULL,NULL,NULL,NULL,NULL,NULL,NULL,NULL,NULL),(22010038,'CORDERO GARCIA CESAR ARMANDO',NULL,NULL,NULL,NULL,NULL,NULL,NULL,NULL,NULL),(22010039,'MORALES DIEGUEZ JESUS ARNOLDO',NULL,NULL,NULL,NULL,NULL,NULL,NULL,NULL,NULL),(22010041,'CARDONA RODRIGUEZ CIRIACO JOEL',NULL,NULL,NULL,NULL,NULL,NULL,NULL,NULL,NULL),(22010042,'VILLATORO MARTINEZ ERICK JOSE MANUEL',NULL,NULL,NULL,NULL,NULL,NULL,NULL,NULL,NULL),(22010043,'BATZ AJU TRANSITO',NULL,NULL,NULL,NULL,NULL,NULL,NULL,NULL,NULL),(22010044,'FAJARDO JUAREZ EDDY JORGE DIXON',NULL,NULL,NULL,NULL,NULL,NULL,NULL,NULL,NULL),(22010045,'MERIDA SANTOS MARCO JULIO',NULL,NULL,NULL,NULL,NULL,NULL,NULL,NULL,NULL),(22010046,'BOJORQUEZ SANDOVAL ALCIRA MARISOL',NULL,NULL,NULL,NULL,NULL,NULL,NULL,NULL,NULL),(22010047,'GUEVARA VAIDES MANOLO ABELINO',NULL,NULL,NULL,NULL,NULL,NULL,NULL,NULL,NULL),(22010048,'JOLON CARLOS HUMBERTO',NULL,NULL,NULL,NULL,NULL,NULL,NULL,NULL,NULL),(22010049,'LEONZO CHAVEZ HECTOR ESTUARDO',NULL,NULL,NULL,NULL,NULL,NULL,NULL,NULL,NULL),(22010051,'SOLIS MELGAR ANA LUISA',NULL,NULL,NULL,NULL,NULL,NULL,NULL,NULL,NULL),(22010052,'LARIOS VASQUEZ EFRAIN',NULL,NULL,NULL,NULL,NULL,NULL,NULL,NULL,NULL),(22010054,'GARCIA BAQUIAX FLORENCIO',NULL,NULL,NULL,NULL,NULL,NULL,NULL,NULL,NULL),(22010055,'BLANCO RECOPALCHI HUGO RENE',NULL,NULL,NULL,NULL,NULL,NULL,NULL,NULL,NULL),(22010056,'RUIZ DIAZ OSCAR ANTONIO',NULL,NULL,NULL,NULL,NULL,NULL,NULL,NULL,NULL),(22010057,'RUANO PAZ ROSA MARIA',NULL,NULL,NULL,NULL,NULL,NULL,NULL,NULL,NULL),(22010060,'RAMIREZ REYES CLAUDIA PAOLA',NULL,NULL,NULL,NULL,NULL,NULL,NULL,NULL,NULL),(22010062,'MARROQUIN MONTALVO MARLON ERNESTO',NULL,NULL,NULL,NULL,NULL,NULL,NULL,NULL,NULL),(22010063,'VICENTE BARAHONA JUAN CARLOS',NULL,NULL,NULL,NULL,NULL,NULL,NULL,NULL,NULL),(22010065,'LOPEZ BARRERA MAURO TOMAS',NULL,NULL,NULL,NULL,NULL,NULL,NULL,NULL,NULL),(22010067,'CARDONA CARRILLO ROGELIO',NULL,NULL,NULL,NULL,NULL,NULL,NULL,NULL,NULL),(22010068,'RODRIGUEZ HERNANDEZ JOSE MARIO',NULL,NULL,NULL,NULL,NULL,NULL,NULL,NULL,NULL),(22010069,'CASTRO JUAN CARLOS',NULL,NULL,NULL,NULL,NULL,NULL,NULL,NULL,NULL),(22010072,'GUTIERREZ RODRIGUEZ ALEX WILFREDO',NULL,NULL,NULL,NULL,NULL,NULL,NULL,NULL,NULL),(22010074,'ARIZA GIRON ISMAEL FERNANDO',NULL,NULL,NULL,NULL,NULL,NULL,NULL,NULL,NULL),(22010075,'CASIA GARCIA JULIO CESAR',NULL,NULL,NULL,NULL,NULL,NULL,NULL,NULL,NULL),(22010076,'ARAGON VASQUEZ JUANA SOFIA',NULL,NULL,NULL,NULL,NULL,NULL,NULL,NULL,NULL),(22010077,'HERNANDEZ GIRON MARIO ROBERTO',NULL,NULL,NULL,NULL,NULL,NULL,NULL,NULL,NULL),(22010078,'LEPE TEMME HUGO DANIEL',NULL,NULL,NULL,NULL,NULL,NULL,NULL,NULL,NULL),(22010079,'GONZALEZ CARAVANTES ERWIN AMILCAR',NULL,NULL,NULL,NULL,NULL,NULL,NULL,NULL,NULL),(22010080,'DONIS PAREDES MARVIN ALEXANDER',NULL,NULL,NULL,NULL,NULL,NULL,NULL,NULL,NULL),(22010081,'MORALES PELLECER ROBERTO EFRAIN',NULL,NULL,NULL,NULL,NULL,NULL,NULL,NULL,NULL),(22010084,'CRUZ MOLINA JOSE FERNANDO',NULL,NULL,NULL,NULL,NULL,NULL,NULL,NULL,NULL),(22010085,'MAZARIEGOS SOTO JONNATHAN JOSUE',NULL,NULL,NULL,NULL,NULL,NULL,NULL,NULL,NULL),(22010087,'AJU XAJPOT RAFAEL',NULL,NULL,NULL,NULL,NULL,NULL,NULL,NULL,NULL),(22010088,'SURUY COTZOJAY JEREMIAS',NULL,NULL,NULL,NULL,NULL,NULL,NULL,NULL,NULL),(22010089,'CATU AJU PASCUAL',NULL,NULL,NULL,NULL,NULL,NULL,NULL,NULL,NULL),(22010090,'PEREZ JUAN JACOBO',NULL,NULL,NULL,NULL,NULL,NULL,NULL,NULL,NULL),(22010091,'RIVERA CORZO RUTH DE MARIA',NULL,NULL,NULL,NULL,NULL,NULL,NULL,NULL,NULL),(22010092,'TUNAY ESCALANTE FEDERICO',NULL,NULL,NULL,NULL,NULL,NULL,NULL,NULL,NULL),(22010094,'MORALES ALVAREZ OSCAR ARIEL',NULL,NULL,NULL,NULL,NULL,NULL,NULL,NULL,NULL),(22010097,'JOHNSTON SANCHEZ JOSE OSVALDO',NULL,NULL,NULL,NULL,NULL,NULL,NULL,NULL,NULL),(22010099,'ORDOÑEZ LEIVA ALAN OLIVER',NULL,NULL,NULL,NULL,NULL,NULL,NULL,NULL,NULL),(22010100,'HERNANDEZ GONZALEZ OSCAR MIGUEL',NULL,NULL,NULL,NULL,NULL,NULL,NULL,NULL,NULL),(22010104,'LOPEZ SOSOF OTTO ENRIQUE',NULL,NULL,NULL,NULL,NULL,NULL,NULL,NULL,NULL),(22010106,'ROSALES HERNANDEZ DE CHAVEZ ALBA MARITZA',NULL,NULL,NULL,NULL,NULL,NULL,NULL,NULL,NULL),(22010107,'JUAN YUMAN SAUL ENRIQUE',NULL,NULL,NULL,NULL,NULL,NULL,NULL,NULL,NULL),(22010108,'DE LEON CHAVEZ LOIDA EUNICE',NULL,NULL,NULL,NULL,NULL,NULL,NULL,NULL,NULL),(22010109,'DEL CID SANDOVAL JAIRO ELY',NULL,NULL,NULL,NULL,NULL,NULL,NULL,NULL,NULL),(22010110,'QUINTO CHEW RICARDO EDUARDO',NULL,NULL,NULL,NULL,NULL,NULL,NULL,NULL,NULL),(22010112,'RUIZ MARTINEZ JOSE FRANCISCO',NULL,NULL,NULL,NULL,NULL,NULL,NULL,NULL,NULL),(22010116,'HERNANDEZ PEREZ SILAS',NULL,NULL,NULL,NULL,NULL,NULL,NULL,NULL,NULL),(22010118,'SALGUERO SAMAYOA MARIO ALFREDO',NULL,NULL,NULL,NULL,NULL,NULL,NULL,NULL,NULL),(22010122,'CORDERO GARCIA MARVIN FELIPE',NULL,NULL,NULL,NULL,NULL,NULL,NULL,NULL,NULL),(22010124,'CASTAÑEDA ALVAREZ NERY ROMEO DE JESUS',NULL,NULL,NULL,NULL,NULL,NULL,NULL,NULL,NULL),(22010126,'MORENO MIJANGOS PATRICIA ODILY',NULL,NULL,NULL,NULL,NULL,NULL,NULL,NULL,NULL),(22010127,'GUTIERREZ JORGE DAVID',NULL,NULL,NULL,NULL,NULL,NULL,NULL,NULL,NULL),(22010132,'BARRIOS PAREDES OSCAR RAUL',NULL,NULL,NULL,NULL,NULL,NULL,NULL,NULL,NULL),(22010133,'AGUILAR CATALAN MANUEL DE JESUS',NULL,NULL,NULL,NULL,NULL,NULL,NULL,NULL,NULL),(22010135,'GUZMAN CON JUAN',NULL,NULL,NULL,NULL,NULL,NULL,NULL,NULL,NULL),(22010136,'DONIS PEREZ JOSE ADOLFO',NULL,NULL,NULL,NULL,NULL,NULL,NULL,NULL,NULL),(22010139,'FIGUEROA GUERRA ANA PATRICIA',NULL,NULL,NULL,NULL,NULL,NULL,NULL,NULL,NULL),(22010141,'LOPEZ ALVIZURES CARLOS MANUEL',NULL,NULL,NULL,NULL,NULL,NULL,NULL,NULL,NULL),(22010146,'PEREZ ROCA ALVARO ANTONIO',NULL,NULL,NULL,NULL,NULL,NULL,NULL,NULL,NULL),(22010148,'MARTINEZ RAMIREZ VIDAL ENRIQUE',NULL,NULL,NULL,NULL,NULL,NULL,NULL,NULL,NULL),(22010150,'REQUENA RODAS RUTH EUNICE',NULL,NULL,NULL,NULL,NULL,NULL,NULL,NULL,NULL),(22010152,'GEORGE PORTILLO LUDVING OSVALDO',NULL,NULL,NULL,NULL,NULL,NULL,NULL,NULL,NULL),(22010153,'OCHOA CALDERON ALFREDO ANTONIO',NULL,NULL,NULL,NULL,NULL,NULL,NULL,NULL,NULL),(22010160,'GASPARICO MARTINEZ AXEL STEBE',NULL,NULL,NULL,NULL,NULL,NULL,NULL,NULL,NULL),(22010162,'MORALES PIMENTEL DE SAUCEDO IRAYDA EVELIA ',NULL,NULL,NULL,NULL,NULL,NULL,NULL,NULL,NULL),(22010164,'TZOC ZARATE CARLOS FERNANDO',NULL,NULL,NULL,NULL,NULL,NULL,NULL,NULL,NULL),(22010168,'GONZALEZ CERON JULIA ANTONIETA',NULL,NULL,NULL,NULL,NULL,NULL,NULL,NULL,NULL),(22010169,'DORANTES MARROQUIN FATIMA LISETTE',NULL,NULL,NULL,NULL,NULL,NULL,NULL,NULL,NULL),(22010170,'VASQUEZ PEREZ EDWIN ALFONSO',NULL,NULL,NULL,NULL,NULL,NULL,NULL,NULL,NULL),(22010176,'PRADO ARZU HASEL PAMELA',NULL,NULL,NULL,NULL,NULL,NULL,NULL,NULL,NULL),(22010177,'CHACON CANET LILIAN SUSETTE',NULL,NULL,NULL,NULL,NULL,NULL,NULL,NULL,NULL),(22010181,'PORTILLO ESPINOZA ASTRID LUCIA ADRIANA',NULL,NULL,NULL,NULL,NULL,NULL,NULL,NULL,NULL),(22010182,'ROSALES REQUENA FRANCISCO ELI',NULL,NULL,NULL,NULL,NULL,NULL,NULL,NULL,NULL),(22010183,'ACEITUNO VARGAS EDWIN WILFREDO',NULL,NULL,NULL,NULL,NULL,NULL,NULL,NULL,NULL),(22010185,'ESTRADA GONZALEZ JUAN ANTONIO',NULL,NULL,NULL,NULL,NULL,NULL,NULL,NULL,NULL),(22010186,'MOLINA OSOY LUIS RAMIRO',NULL,NULL,NULL,NULL,NULL,NULL,NULL,NULL,NULL),(22010187,'ARREAGA JUAREZ JOSE JULIAN',NULL,NULL,NULL,NULL,NULL,NULL,NULL,NULL,NULL),(22010190,'PAREDES TORTOLA DOUGLAS JOSE DAVID',NULL,NULL,NULL,NULL,NULL,NULL,NULL,NULL,NULL),(22010191,'IBAÑEZ NUÑEZ DE HERNANDEZ CAROLINA ALEJANDRA',NULL,NULL,NULL,NULL,NULL,NULL,NULL,NULL,NULL),(22010193,'GUZMAN CASTELLANOS JOSE EDUARDO',NULL,NULL,NULL,NULL,NULL,NULL,NULL,NULL,NULL),(22010195,'GALICIA DIAZ MARIA OLIMPIA',NULL,NULL,NULL,NULL,NULL,NULL,NULL,NULL,NULL),(22010197,'COY PELICO BRENDA AZUCENA',NULL,NULL,NULL,NULL,NULL,NULL,NULL,NULL,NULL),(22010200,'GONZALEZ VENTURA ENRIQUE YUBINI',NULL,NULL,NULL,NULL,NULL,NULL,NULL,NULL,NULL),(22010201,'VASQUEZ DEL CID FLOR DE MARIA',NULL,NULL,NULL,NULL,NULL,NULL,NULL,NULL,NULL),(22010203,'GARCIA VILLEDA MARIA ALEJANDRA',NULL,NULL,NULL,NULL,NULL,NULL,NULL,NULL,NULL),(22010204,'MOLINA DURAN MELANIE DENISE',NULL,NULL,NULL,NULL,NULL,NULL,NULL,NULL,NULL),(22010205,'ROMAN RODAS MONICA JOSE',NULL,NULL,NULL,NULL,NULL,NULL,NULL,NULL,NULL),(22010206,'BACA RODRIGUEZ SANDRA IMELDA',NULL,NULL,NULL,NULL,NULL,NULL,NULL,NULL,NULL),(22010207,'GARCIA SOLOGAISTOA VERONICA ARGELIA',NULL,NULL,NULL,NULL,NULL,NULL,NULL,NULL,NULL),(22010208,'CORADO SAUCEDO YOLINKA GABRIELA',NULL,NULL,NULL,NULL,NULL,NULL,NULL,NULL,NULL),(22010209,'LEMUS GOMEZ ALVARO AUGUSTO',NULL,NULL,NULL,NULL,NULL,NULL,NULL,NULL,NULL),(22010210,'LINARES CALDERON DE PALACIOS MARIA RENEE DESIDERIA',NULL,NULL,NULL,NULL,NULL,NULL,NULL,NULL,NULL),(22010211,'VASQUEZ SAZO ROBERT MISAEL',NULL,NULL,NULL,NULL,NULL,NULL,NULL,NULL,NULL),(22010213,'LOPEZ GONZALEZ CLAUDIA SUSANA',NULL,NULL,NULL,NULL,NULL,NULL,NULL,NULL,NULL),(22010215,'LOPEZ OROSHON BIARMINDO BAUDENCIO',NULL,NULL,NULL,NULL,NULL,NULL,NULL,NULL,NULL),(22010216,'PEREZ SOLORZANO BYRON ROMEO ',NULL,NULL,NULL,NULL,NULL,NULL,NULL,NULL,NULL),(22010217,'ROMERO LOPEZ CARLOS ENRIQUE',NULL,NULL,NULL,NULL,NULL,NULL,NULL,NULL,NULL),(22010218,'CUQUE VALENZUELA CARLOS OCTAVIO',NULL,NULL,NULL,NULL,NULL,NULL,NULL,NULL,NULL),(22010219,'OVALLE ORDOÑEZ CLAUDIA DEL ROSARIO',NULL,NULL,NULL,NULL,NULL,NULL,NULL,NULL,NULL),(22010220,'CHICOJ LOPEZ CLAUDIA MIRIANA',NULL,NULL,NULL,NULL,NULL,NULL,NULL,NULL,NULL),(22010221,'GARCIA DAVID ISRAEL',NULL,NULL,NULL,NULL,NULL,NULL,NULL,NULL,NULL),(22010222,'TELLO MORALES EDUARDO LUIS',NULL,NULL,NULL,NULL,NULL,NULL,NULL,NULL,NULL),(22010223,'GARCIA EDWIN DE JESUS',NULL,NULL,NULL,NULL,NULL,NULL,NULL,NULL,NULL),(22010224,'DAVILA ESTRADA EDWIN ESTUARDO',NULL,NULL,NULL,NULL,NULL,NULL,NULL,NULL,NULL),(22010225,'CHARUC CHAVAC EMILIA',NULL,NULL,NULL,NULL,NULL,NULL,NULL,NULL,NULL),(22010226,'ESCOBAR AYALA ENRIQUE ESTEBAN',NULL,NULL,NULL,NULL,NULL,NULL,NULL,NULL,NULL),(22010227,'REVOLORIO ARDON FABIAN',NULL,NULL,NULL,NULL,NULL,NULL,NULL,NULL,NULL),(22010228,'ITZEP VASQUEZ HELEN EMILIA',NULL,NULL,NULL,NULL,NULL,NULL,NULL,NULL,NULL),(22010229,'RODAS CHURRUMIA HERVER ENRIQUE',NULL,NULL,NULL,NULL,NULL,NULL,NULL,NULL,NULL),(22010230,'MORALES ARRIOLA DE RAMIREZ INGRID SUCELY',NULL,NULL,NULL,NULL,NULL,NULL,NULL,NULL,NULL),(22010231,'COBO ZET ISAIAS',NULL,NULL,NULL,NULL,NULL,NULL,NULL,NULL,NULL),(22010232,'SANTIZO GARCIA JAQUELINE IREIDA',NULL,NULL,NULL,NULL,NULL,NULL,NULL,NULL,NULL),(22010233,'GOMEZ RAMOS JONATHAN ALEXANDER',NULL,NULL,NULL,NULL,NULL,NULL,NULL,NULL,NULL),(22010234,'SIQUIN GUZMAN JONATHAN DANIEL',NULL,NULL,NULL,NULL,NULL,NULL,NULL,NULL,NULL),(22010235,'CASTILLO GARCIA JORGE ALBERTO',NULL,NULL,NULL,NULL,NULL,NULL,NULL,NULL,NULL),(22010236,'REYES CRESPO JORGE MARLON',NULL,NULL,NULL,NULL,NULL,NULL,NULL,NULL,NULL),(22010238,'GOMEZ DEL CID JOSE LUIS',NULL,NULL,NULL,NULL,NULL,NULL,NULL,NULL,NULL),(22010239,'ROSALES PORRAS JOSE MIGUEL',NULL,NULL,NULL,NULL,NULL,NULL,NULL,NULL,NULL),(22010240,'MORAGA HERRERA JOSE RODRIGO',NULL,NULL,NULL,NULL,NULL,NULL,NULL,NULL,NULL),(22010241,'MARROQUIN HERNANDEZ JUAN CARLOS',NULL,NULL,NULL,NULL,NULL,NULL,NULL,NULL,NULL),(22010242,'RAMIREZ ROJAS JUAN CARLOS',NULL,NULL,NULL,NULL,NULL,NULL,NULL,NULL,NULL),(22010244,'GONZALEZ VELASQUEZ KARLA LUCIA',NULL,NULL,NULL,NULL,NULL,NULL,NULL,NULL,NULL),(22010245,'CASTRO RODRIGUEZ LETICIA',NULL,NULL,NULL,NULL,NULL,NULL,NULL,NULL,NULL),(22010246,'OROZCO RAMIREZ LUDY',NULL,NULL,NULL,NULL,NULL,NULL,NULL,NULL,NULL),(22010247,'CARDONA SOSA LUIS HUMBERTO',NULL,NULL,NULL,NULL,NULL,NULL,NULL,NULL,NULL),(22010248,'ELIAS MEJIA MARIO CAMILO',NULL,NULL,NULL,NULL,NULL,NULL,NULL,NULL,NULL),(22010249,'GOMEZ MORALES MARLON IVAN',NULL,NULL,NULL,NULL,NULL,NULL,NULL,NULL,NULL),(22010250,'SALVADOR LIMA MARTA JULIA',NULL,NULL,NULL,NULL,NULL,NULL,NULL,NULL,NULL),(22010251,'SIAN OJ MARVIN ISAI',NULL,NULL,NULL,NULL,NULL,NULL,NULL,NULL,NULL),(22010252,'GARCIA DE LA PAZ MAXIMILIANO',NULL,NULL,NULL,NULL,NULL,NULL,NULL,NULL,NULL),(22010253,'PEREZ HERRARTE NELY ANAI',NULL,NULL,NULL,NULL,NULL,NULL,NULL,NULL,NULL),(22010254,'GUEVARA GUERRA NERITA JUDITH',NULL,NULL,NULL,NULL,NULL,NULL,NULL,NULL,NULL),(22010255,'PEREIRA REVOLORIO NORMA ELIZABETH',NULL,NULL,NULL,NULL,NULL,NULL,NULL,NULL,NULL),(22010256,'ROSALES SACALXOT OLGA MARINA',NULL,NULL,NULL,NULL,NULL,NULL,NULL,NULL,NULL),(22010257,'SALVADOR LIMA ROSA BENIGNA',NULL,NULL,NULL,NULL,NULL,NULL,NULL,NULL,NULL),(22010258,'ORTIZ GARCIA DE LOPEZ ROSA ELENA',NULL,NULL,NULL,NULL,NULL,NULL,NULL,NULL,NULL),(22010259,'HERRARTE PINEDA ROSA LINDA',NULL,NULL,NULL,NULL,NULL,NULL,NULL,NULL,NULL),(22010260,'GARCIA HERNANDEZ VIDAL BENITO',NULL,NULL,NULL,NULL,NULL,NULL,NULL,NULL,NULL),(22010261,'PEÑA GRANADOS WENCESLAO',NULL,NULL,NULL,NULL,NULL,NULL,NULL,NULL,NULL),(22010262,'CABRERA MEJIA YENIFER JOSABED',NULL,NULL,NULL,NULL,NULL,NULL,NULL,NULL,NULL),(22010263,'MOCTEZUMA FLORES YONATAN ALEXANDER',NULL,NULL,NULL,NULL,NULL,NULL,NULL,NULL,NULL),(22010264,'ESQUIVEL LUIS EDUARDO',NULL,NULL,NULL,NULL,NULL,NULL,NULL,NULL,NULL),(22010266,'CHAVEZ CORADO RENE ASDRUBAL',NULL,NULL,NULL,NULL,NULL,NULL,NULL,NULL,NULL),(22010268,'AROCHE DIAZ CESAR WILLIAN',NULL,NULL,NULL,NULL,NULL,NULL,NULL,NULL,NULL),(22010269,'MENDEZ AGUILAR LUIS ADOLFO',NULL,NULL,NULL,NULL,NULL,NULL,NULL,NULL,NULL),(22010270,'REYES CASTILLO SERGIO ARMANDO',NULL,NULL,NULL,NULL,NULL,NULL,NULL,NULL,NULL),(22010273,'GALINDO RODAS EDGAR OMAR',NULL,NULL,NULL,NULL,NULL,NULL,NULL,NULL,NULL),(22010276,'CORDERO CAMBARA LISANDRO DAVID',NULL,NULL,NULL,NULL,NULL,NULL,NULL,NULL,NULL),(22010277,'TOLEDO ESTRADA GLADYS PAOLA',NULL,NULL,NULL,NULL,NULL,NULL,NULL,NULL,NULL),(22010278,'TIN GUZMAN  FABIAN ESTUARDO',NULL,NULL,NULL,NULL,NULL,NULL,NULL,NULL,NULL),(22010279,'REYES MARROQUIN LESTER ABRAHAM',NULL,NULL,NULL,NULL,NULL,NULL,NULL,NULL,NULL),(22010283,'REQUENA RODAS DE SOLANO RINA MADAI',NULL,NULL,NULL,NULL,NULL,NULL,NULL,NULL,NULL),(22010284,'CANO ALVARADO MILTON ISABEL',NULL,NULL,NULL,NULL,NULL,NULL,NULL,NULL,NULL),(22010285,'HERNANDEZ BARRERA GUSTAVO ADOLFO',NULL,NULL,NULL,NULL,NULL,NULL,NULL,NULL,NULL),(22010286,'MONTERROSO RECOPALCHI RUDY ALFREDO',NULL,NULL,NULL,NULL,NULL,NULL,NULL,NULL,NULL),(22010287,'HERNANDEZ CERMEÑO MARIO ROBERTO',NULL,NULL,NULL,NULL,NULL,NULL,NULL,NULL,NULL),(22010289,'VILLAGRAN JUAREZ MANUELA',NULL,NULL,NULL,NULL,NULL,NULL,NULL,NULL,NULL),(22010291,'JEREZ CHAVEZ DE PAZ JACQUELINE ZUSCETH',NULL,NULL,NULL,NULL,NULL,NULL,NULL,NULL,NULL),(22010292,'ALVARADO LAZARO ANDREA ELIZABETH',NULL,NULL,NULL,NULL,NULL,NULL,NULL,NULL,NULL),(22010293,'OCHOA REYES ALFREDO EULALIO',NULL,NULL,NULL,NULL,NULL,NULL,NULL,NULL,NULL),(22010294,'URIAS MALDONADO KANDY MARISELA',NULL,NULL,NULL,NULL,NULL,NULL,NULL,NULL,NULL),(22010295,'GARCIA ESPEL SARA DE JESUS',NULL,NULL,NULL,NULL,NULL,NULL,NULL,NULL,NULL),(22010296,'HURTARTE GONZALEZ LEVY FRANCISCO',NULL,NULL,NULL,NULL,NULL,NULL,NULL,NULL,NULL),(22010297,'RAMIREZ LEIVA CLAUDIA ELIZABETH',NULL,NULL,NULL,NULL,NULL,NULL,NULL,NULL,NULL),(22010298,'CHEN FUENTES CESIAH YESMINNIA',NULL,NULL,NULL,NULL,NULL,NULL,NULL,NULL,NULL),(22010299,'CONTRERAS ROLDAN JORGE AUGUSTO',NULL,NULL,NULL,NULL,NULL,NULL,NULL,NULL,NULL),(22010300,'HERNANDEZ CALLEJAS ABNER SAMUEL',NULL,NULL,NULL,NULL,NULL,NULL,NULL,NULL,NULL),(22010301,'RAMIREZ ARTIGA DE PAIZ BRENDA SUSANA',NULL,NULL,NULL,NULL,NULL,NULL,NULL,NULL,NULL),(22010303,'OROZCO MIRANDA LUIS ERNESTO',NULL,NULL,NULL,NULL,NULL,NULL,NULL,NULL,NULL),(22010304,'RIVERA CORZO RODRIGO JAVIER',NULL,NULL,NULL,NULL,NULL,NULL,NULL,NULL,NULL),(22010305,'VELASQUEZ SILVA GLORIA',NULL,NULL,NULL,NULL,NULL,NULL,NULL,NULL,NULL),(22010306,'MEJIA HERNANDEZ ROSA CRISTINA',NULL,NULL,NULL,NULL,NULL,NULL,NULL,NULL,NULL),(22010307,'SAUCEDO MORALES WILMAR ALEJANDRO',NULL,NULL,NULL,NULL,NULL,NULL,NULL,NULL,NULL),(22010308,'CORADO JIMENEZ MELANIE FATIMA ALEJANDRA',NULL,NULL,NULL,NULL,NULL,NULL,NULL,NULL,NULL),(22010309,'NOJ XOYON MARIO RUBEN',NULL,NULL,NULL,NULL,NULL,NULL,NULL,NULL,NULL),(22010310,'ESPINA PINTO  YONY OSBALDO',NULL,NULL,NULL,NULL,NULL,NULL,NULL,NULL,NULL),(22010311,'DE LA CRUZ JOSE PABLO',NULL,NULL,NULL,NULL,NULL,NULL,NULL,NULL,NULL),(22010312,'BOCHE SACU CARLOS HILARIO',NULL,NULL,NULL,NULL,NULL,NULL,NULL,NULL,NULL),(22010313,'PEREZ ARREDONDO MINOR ALFONSO',NULL,NULL,NULL,NULL,NULL,NULL,NULL,NULL,NULL),(22010314,'GALINDO CARRILLO KAROL AMANDA',NULL,NULL,NULL,NULL,NULL,NULL,NULL,NULL,NULL),(22010315,'MEDINA CRUZ WILSON ARIEL',NULL,NULL,NULL,NULL,NULL,NULL,NULL,NULL,NULL),(22010316,'LOPEZ BILLAR SERGIO ADONIAS',NULL,NULL,NULL,NULL,NULL,NULL,NULL,NULL,NULL),(22010317,'CONTRERAS MUÑOZ  IVAN ALEJANDRO',NULL,NULL,NULL,NULL,NULL,NULL,NULL,NULL,NULL),(22010318,'MENDEZ LOPEZ ANA CAROLINA',NULL,NULL,NULL,NULL,NULL,NULL,NULL,NULL,NULL),(22010319,'CASIA HERNANDEZ JULIO ESTUARDO',NULL,NULL,NULL,NULL,NULL,NULL,NULL,NULL,NULL),(22010320,'RECINOS GARCIA  INGRID JEANNETTE',NULL,NULL,NULL,NULL,NULL,NULL,NULL,NULL,NULL),(22010321,'RODAS DE LEON JOSUE MISRAIM',NULL,NULL,NULL,NULL,NULL,NULL,NULL,NULL,NULL),(22010322,'JIMENEZ PEREZ DE MAEDA BRENDA ELIZABETH',NULL,NULL,NULL,NULL,NULL,NULL,NULL,NULL,NULL),(22010323,'LEPE DIAZ ALEJANDRO JOSE',NULL,NULL,NULL,NULL,NULL,NULL,NULL,NULL,NULL),(22010324,'ESPINOZA CELADA GABRIELA TATIANA',NULL,NULL,NULL,NULL,NULL,NULL,NULL,NULL,NULL),(22010325,'RAMIREZ FUENTES KARLA EUGENIA',NULL,NULL,NULL,NULL,NULL,NULL,NULL,NULL,NULL),(22010326,'FIGUEROA ACAJABON MARIA JOSE',NULL,NULL,NULL,NULL,NULL,NULL,NULL,NULL,NULL),(22010327,'BOITON HERNANDEZ MARIA ESTEFANY',NULL,NULL,NULL,NULL,NULL,NULL,NULL,NULL,NULL),(22010328,'GONZALEZ GARCIA CLAUDIA SUSANA',NULL,NULL,NULL,NULL,NULL,NULL,NULL,NULL,NULL),(22010330,'ZETINA TRUJILLO LAURY SUSEL',NULL,NULL,NULL,NULL,NULL,NULL,NULL,NULL,NULL),(22010331,'MACZ CAAL VICTOR MISAEL',NULL,NULL,NULL,NULL,NULL,NULL,NULL,NULL,NULL),(22010333,'BREMERMAN LOPEZ ENRIQUE EUGENIO',NULL,NULL,NULL,NULL,NULL,NULL,NULL,NULL,NULL),(22010334,'CARDONA CARRERA LUZ ELIZABETH',NULL,NULL,NULL,NULL,NULL,NULL,NULL,NULL,NULL),(22010336,'RUIZ SANCHEZ MARLON BOLIVAR',NULL,NULL,NULL,NULL,NULL,NULL,NULL,NULL,NULL),(22010337,'SAGUACH GOMEZ  VICKY ELIZABETH',NULL,NULL,NULL,NULL,NULL,NULL,NULL,NULL,NULL),(22010338,'GUDIEL CABRERA  ANA CECILIA ',NULL,NULL,NULL,NULL,NULL,NULL,NULL,NULL,NULL),(22010339,'GARCIA JERONIMO DENIS MAURICIO',NULL,NULL,NULL,NULL,NULL,NULL,NULL,NULL,NULL),(22010340,'GONZALEZ HERNANDEZ JENNIFER CORONA DEL ROSARIO',NULL,NULL,NULL,NULL,NULL,NULL,NULL,NULL,NULL),(22010341,'MEJIA DIAZ DE VEGA GLENDA MARIA',NULL,NULL,NULL,NULL,NULL,NULL,NULL,NULL,NULL),(22010342,'GONZALEZ COROMAC SAUL ERNESTO',NULL,NULL,NULL,NULL,NULL,NULL,NULL,NULL,NULL),(22010343,'SINTU CUTE PABLO',NULL,NULL,NULL,NULL,NULL,NULL,NULL,NULL,NULL),(22010344,'RIVERA HURTADO LUIS AUGUSTO',NULL,NULL,NULL,NULL,NULL,NULL,NULL,NULL,NULL),(22010346,'DIAZ BROLO OTTO RAUL',NULL,NULL,NULL,NULL,NULL,NULL,NULL,NULL,NULL),(22010347,'HERNANDEZ PACHECO ERIKA DINORA',NULL,NULL,NULL,NULL,NULL,NULL,NULL,NULL,NULL),(22010348,'GOMEZ YUCUTE SAIDA AIDE',NULL,NULL,NULL,NULL,NULL,NULL,NULL,NULL,NULL),(22010349,'BARRIOS MORALES NORMA GABRIELA',NULL,NULL,NULL,NULL,NULL,NULL,NULL,NULL,NULL),(22010350,'MELGAR ROJAS MAURICIO DAVID',NULL,NULL,NULL,NULL,NULL,NULL,NULL,NULL,NULL),(22010351,'BARRIOS RUANO RUDY AMILCAR',NULL,NULL,NULL,NULL,NULL,NULL,NULL,NULL,NULL),(22010352,'CASTELLANOS SALAZAR VICTOR ANDRES',NULL,NULL,NULL,NULL,NULL,NULL,NULL,NULL,NULL),(22010353,'BARRIOS DE LEON ANDREA EUNICE',NULL,NULL,NULL,NULL,NULL,NULL,NULL,NULL,NULL),(22010354,'JUAREZ PEREZ SERGIO ESTUARDO',NULL,NULL,NULL,NULL,NULL,NULL,NULL,NULL,NULL),(22010355,'CAMPOS CHAJON VICTOR MANUEL',NULL,NULL,NULL,NULL,NULL,NULL,NULL,NULL,NULL),(22010356,'RODAS REYNOSO SOFIA MARIBEL',NULL,NULL,NULL,NULL,NULL,NULL,NULL,NULL,NULL),(22010357,'CARDONA SALES OTHIR MISAEL',NULL,NULL,NULL,NULL,NULL,NULL,NULL,NULL,NULL),(22010358,'LOPEZ GONZALEZ MANUEL HUMBERTO',NULL,NULL,NULL,NULL,NULL,NULL,NULL,NULL,NULL),(22010359,'HERNANDEZ TZOC LOIDA FLORIDALMA MARCELINA',NULL,NULL,NULL,NULL,NULL,NULL,NULL,NULL,NULL),(22010360,'GABOUREL GARCIA FERNANDO ANTONIO',NULL,NULL,NULL,NULL,NULL,NULL,NULL,NULL,NULL),(22010361,'GARCIA VILLEDA EDGAR EDUARDO',NULL,NULL,NULL,NULL,NULL,NULL,NULL,NULL,NULL),(22010362,'SICAN ZAMORA SAUL',NULL,NULL,NULL,NULL,NULL,NULL,NULL,NULL,NULL),(22010363,'GARCIA GRANADOS DAVILA DE RODRIGUEZ MARIA VICTORIA',NULL,NULL,NULL,NULL,NULL,NULL,NULL,NULL,NULL),(22010364,'BARRERA ARAGON KARLA VIRGINIA',NULL,NULL,NULL,NULL,NULL,NULL,NULL,NULL,NULL),(22010401,'MONZON NAJERA INGEBORG MARIA',NULL,NULL,NULL,NULL,NULL,NULL,NULL,NULL,NULL),(22010402,'ABADIA ROJAS GUSTAVO ALEJANDRO',NULL,NULL,NULL,NULL,NULL,NULL,NULL,NULL,NULL),(22010405,'PACHECO FLORES RAUL ENRIQUE',NULL,NULL,NULL,NULL,NULL,NULL,NULL,NULL,NULL),(22010407,'PEREZ RIVERA WALTER ARTURO',NULL,NULL,NULL,NULL,NULL,NULL,NULL,NULL,NULL),(22010408,'BONILLA LOPEZ MILDRED JEANNETTE',NULL,NULL,NULL,NULL,NULL,NULL,NULL,NULL,NULL),(22010410,'GARRIDO BARILLAS ELVIA IDALIA',NULL,NULL,NULL,NULL,NULL,NULL,NULL,NULL,NULL),(22010413,'CALITO CALITO EVELIN GUISELLE',NULL,NULL,NULL,NULL,NULL,NULL,NULL,NULL,NULL),(22010414,'CANIZALEZ GAMEZ CLAUDIA JANETH',NULL,NULL,NULL,NULL,NULL,NULL,NULL,NULL,NULL),(22010415,'ROSALES RIVERA JUAN FRANCISCO',NULL,NULL,NULL,NULL,NULL,NULL,NULL,NULL,NULL),(22010416,'ARAGON MUÑOZ ANDREA CELESTE',NULL,NULL,NULL,NULL,NULL,NULL,NULL,NULL,NULL),(22010421,'GRAJEDA DE PAZ DE MOTTA ZAIRA VARINIA ',NULL,NULL,NULL,NULL,NULL,NULL,NULL,NULL,NULL),(22010426,'HERNANDEZ BAQUIAX INGRID LISSETE',NULL,NULL,NULL,NULL,NULL,NULL,NULL,NULL,NULL),(22010427,'RIVERA JACOBO BLANCA EUGENIA',NULL,NULL,NULL,NULL,NULL,NULL,NULL,NULL,NULL),(22010429,'VELEZ KELLER LUIS CARLOS',NULL,NULL,NULL,NULL,NULL,NULL,NULL,NULL,NULL),(22010430,'NAVARRO SANCHEZ JOSE RODRIGO',NULL,NULL,NULL,NULL,NULL,NULL,NULL,NULL,NULL),(22010432,'GONZALEZ PERUSINA ANDREA MARIA',NULL,NULL,NULL,NULL,NULL,NULL,NULL,NULL,NULL),(22010435,'ARRIAZA RIVERA LESLY CAROL',NULL,NULL,NULL,NULL,NULL,NULL,NULL,NULL,NULL),(22010437,'ARDON QUEZADA FRANCISCO JAVIER ANTONIO',NULL,NULL,NULL,NULL,NULL,NULL,NULL,NULL,NULL),(22010438,'LECHUGA GAMEZ  OSCAR RODRIGO',NULL,NULL,NULL,NULL,NULL,NULL,NULL,NULL,NULL),(22010501,'CASTELLANOS ESCOBAR JULIO CESAR',NULL,NULL,NULL,NULL,NULL,NULL,NULL,NULL,NULL),(22010502,'MARTINEZ SICAN JULIO RENE',NULL,NULL,NULL,NULL,NULL,NULL,NULL,NULL,NULL),(22010505,'LARA GRAZIOSO ANA CECILIA',NULL,NULL,NULL,NULL,NULL,NULL,NULL,NULL,NULL),(22010507,'ALVARADO GUZMAN DENISSE IVONNE',NULL,NULL,NULL,NULL,NULL,NULL,NULL,NULL,NULL),(22010508,'MONTUFAR VIDES  SERGIO ALEJANDRO',NULL,NULL,NULL,NULL,NULL,NULL,NULL,NULL,NULL),(22010509,'HERNANDEZ AZMITIA MARIA FERNANDA',NULL,NULL,NULL,NULL,NULL,NULL,NULL,NULL,NULL),(22020001,'RODRIGUEZ LOPEZ PEDRO ROCAEL',NULL,NULL,NULL,NULL,NULL,NULL,NULL,NULL,NULL),(22020002,'BARRERA ILLESCAS MARIO KRISHAN',NULL,NULL,NULL,NULL,NULL,NULL,NULL,NULL,NULL),(22020005,'SOLORZANO GRAMAJO BYRON LEONARDO',NULL,NULL,NULL,NULL,NULL,NULL,NULL,NULL,NULL),(22020007,'CHIGUICHON FUENTES JOSE AUGUSTO',NULL,NULL,NULL,NULL,NULL,NULL,NULL,NULL,NULL),(22020008,'RODRIGUEZ HERNANDEZ WENDY CAROLINA',NULL,NULL,NULL,NULL,NULL,NULL,NULL,NULL,NULL),(22020011,'TEXAJ LEON LYDIA OKITU',NULL,NULL,NULL,NULL,NULL,NULL,NULL,NULL,NULL),(22020013,'DE PAZ VALENZUELA DOUGLAS ALEXANDER',NULL,NULL,NULL,NULL,NULL,NULL,NULL,NULL,NULL),(22020015,'MOYA GONZALEZ SERGIO VINICIO',NULL,NULL,NULL,NULL,NULL,NULL,NULL,NULL,NULL),(22020018,'DUBON MEDINA MARIA FERNANDA',NULL,NULL,NULL,NULL,NULL,NULL,NULL,NULL,NULL),(22020019,'HERNANDEZ ARTEAGA ISMAEL',NULL,NULL,NULL,NULL,NULL,NULL,NULL,NULL,NULL),(22020021,'BARRERA RIVERA SERGIO FLORENCIO',NULL,NULL,NULL,NULL,NULL,NULL,NULL,NULL,NULL),(22020025,'VELIZ PINEDA ANGELICA LORENA',NULL,NULL,NULL,NULL,NULL,NULL,NULL,NULL,NULL),(22020027,'VELASQUEZ BARAHONA GLORIA EUGENIA',NULL,NULL,NULL,NULL,NULL,NULL,NULL,NULL,NULL),(22020028,'MARQUEZ MARTINEZ CARLOS ALBERTO',NULL,NULL,NULL,NULL,NULL,NULL,NULL,NULL,NULL),(22020030,'SCHELL SANCHEZ ELVIA ALEJANDRA',NULL,NULL,NULL,NULL,NULL,NULL,NULL,NULL,NULL),(22020033,'MONTIEL RAMOS FELIPE EZEQUIEL',NULL,NULL,NULL,NULL,NULL,NULL,NULL,NULL,NULL),(22020036,'GUZMAN POLANCO LESLIE RAQUEL',NULL,NULL,NULL,NULL,NULL,NULL,NULL,NULL,NULL),(22020037,'CELEDON TAVICO SUSANA NOEMI',NULL,NULL,NULL,NULL,NULL,NULL,NULL,NULL,NULL),(22020038,'DUQUE PEREZ LUIS PABLO',NULL,NULL,NULL,NULL,NULL,NULL,NULL,NULL,NULL),(22020040,'CRUZ PEREZ ISAI',NULL,NULL,NULL,NULL,NULL,NULL,NULL,NULL,NULL),(22020041,'BRAN LOPEZ JULIA MARIA',NULL,NULL,NULL,NULL,NULL,NULL,NULL,NULL,NULL),(22020042,'GODINEZ VELASQUEZ ENOE DAVID',NULL,NULL,NULL,NULL,NULL,NULL,NULL,NULL,NULL),(22020043,'CRUZ DERAS AUGUSTO LEONEL',NULL,NULL,NULL,NULL,NULL,NULL,NULL,NULL,NULL),(22020044,'REYES CORZO LUIS SALVADOR',NULL,NULL,NULL,NULL,NULL,NULL,NULL,NULL,NULL),(22020052,'CASTRILLO OLANO DE ARCHILA BETZY ANTONIETA',NULL,NULL,NULL,NULL,NULL,NULL,NULL,NULL,NULL),(22020053,'RODAS MONROY JUAN CARLOS',NULL,NULL,NULL,NULL,NULL,NULL,NULL,NULL,NULL),(22020054,'DEL VALLE SANTISTEBAN LUIS ARNOLDO',NULL,NULL,NULL,NULL,NULL,NULL,NULL,NULL,NULL),(22020055,'MILLA RAIMONDO LUISA PAOLA',NULL,NULL,NULL,NULL,NULL,NULL,NULL,NULL,NULL),(22020057,'ROSALES ROCHE LESLIE LUCIA',NULL,NULL,NULL,NULL,NULL,NULL,NULL,NULL,NULL),(22020059,'GARCIA LOPEZ EVELYN ROXANA',NULL,NULL,NULL,NULL,NULL,NULL,NULL,NULL,NULL),(22020060,'PANIAGUA VALENZUELA MARIO ALBERTO',NULL,NULL,NULL,NULL,NULL,NULL,NULL,NULL,NULL),(22020062,'SAMAYOA LOPEZ NEHEMIAS ROCAELI',NULL,NULL,NULL,NULL,NULL,NULL,NULL,NULL,NULL),(22020069,'PAZ TORRES JOSUE DANIEL',NULL,NULL,NULL,NULL,NULL,NULL,NULL,NULL,NULL),(22020070,'MENJIVAR RECINOS JORGE ALEXANDER',NULL,NULL,NULL,NULL,NULL,NULL,NULL,NULL,NULL),(22020071,'SOTOMORA CHACON MAURICIO JOSE',NULL,NULL,NULL,NULL,NULL,NULL,NULL,NULL,NULL),(22020072,'ALCANTARA NATERA GLENNYS',NULL,NULL,NULL,NULL,NULL,NULL,NULL,NULL,NULL),(22020073,'PAREDES PAREDES ALMA AZUCENA',NULL,NULL,NULL,NULL,NULL,NULL,NULL,NULL,NULL),(22020077,'ESTRADA OVALLE CARLOS HUGO',NULL,NULL,NULL,NULL,NULL,NULL,NULL,NULL,NULL),(22020078,'ARIAS AZURDIA DIANA SAMANTHA',NULL,NULL,NULL,NULL,NULL,NULL,NULL,NULL,NULL),(22020079,'ALVARADO ARTOLA NANCY CAROLINA',NULL,NULL,NULL,NULL,NULL,NULL,NULL,NULL,NULL),(22020082,'ESCOBAR AQUINO GLADIS SARAI',NULL,NULL,NULL,NULL,NULL,NULL,NULL,NULL,NULL),(22020083,'REYES CORZO REGINA DEL PILAR',NULL,NULL,NULL,NULL,NULL,NULL,NULL,NULL,NULL),(22020084,'MAEDA GUDIEL BYRON ANTONIO',NULL,NULL,NULL,NULL,NULL,NULL,NULL,NULL,NULL),(22020085,'RAMOS MONTENEGRO YESSICA MILOSKA',NULL,NULL,NULL,NULL,NULL,NULL,NULL,NULL,NULL),(22020089,'TEJEDA PERALTA OSCAR RONALDO',NULL,NULL,NULL,NULL,NULL,NULL,NULL,NULL,NULL),(22020090,'US JUAREZ KAREN YADIRA',NULL,NULL,NULL,NULL,NULL,NULL,NULL,NULL,NULL),(22020091,'HERNANDEZ MACAL CARLOS FERNANDO',NULL,NULL,NULL,NULL,NULL,NULL,NULL,NULL,NULL),(22020093,'CHOJOLAN CHIGUICHON MARVIN WALBERTO',NULL,NULL,NULL,NULL,NULL,NULL,NULL,NULL,NULL),(22020094,'RIVERA MAGER DANNIELLE ANAYTE',NULL,NULL,NULL,NULL,NULL,NULL,NULL,NULL,NULL),(22020095,'RIVAS RUANO JULIO ANTONIO',NULL,NULL,NULL,NULL,NULL,NULL,NULL,NULL,NULL),(22020098,'MELCHOR MILVIA LLUCENI',NULL,NULL,NULL,NULL,NULL,NULL,NULL,NULL,NULL),(22020099,'ALVARADO ALVARADO JUAN PABLO',NULL,NULL,NULL,NULL,NULL,NULL,NULL,NULL,NULL),(22020100,'MAIREN ORDOÑEZ OSCAR FERNANDO',NULL,NULL,NULL,NULL,NULL,NULL,NULL,NULL,NULL),(22020101,'GONZALEZ PORTALES AMILCAR',NULL,NULL,NULL,NULL,NULL,NULL,NULL,NULL,NULL),(22020103,'DEDET FIGUEROA ERIKA FRANCILIA',NULL,NULL,NULL,NULL,NULL,NULL,NULL,NULL,NULL),(22020104,'RODRIGUEZ YELANDRY ARGUDIN',NULL,NULL,NULL,NULL,NULL,NULL,NULL,NULL,NULL),(22020105,'JIMENEZ VARONA ROLANDO',NULL,NULL,NULL,NULL,NULL,NULL,NULL,NULL,NULL),(22020106,'MERIDA PERAZA DE TOSCANO INGRID MARLENI',NULL,NULL,NULL,NULL,NULL,NULL,NULL,NULL,NULL),(22020107,'SOLANO GONZALEZ ALLAN DANIEL',NULL,NULL,NULL,NULL,NULL,NULL,NULL,NULL,NULL),(22020108,'PERALTA DORANTES RAMIRO ARTURO',NULL,NULL,NULL,NULL,NULL,NULL,NULL,NULL,NULL),(22020109,'TIA BARROSO MANUEL ALFREDO',NULL,NULL,NULL,NULL,NULL,NULL,NULL,NULL,NULL),(22020110,'MEJIA DIAZ MARIO ROMEO',NULL,NULL,NULL,NULL,NULL,NULL,NULL,NULL,NULL),(22020111,'CASTRO CACERES  LUIS PEDRO',NULL,NULL,NULL,NULL,NULL,NULL,NULL,NULL,NULL),(22020112,'SAMAYOA SANTOS MARIA DE LOS ANGELES',NULL,NULL,NULL,NULL,NULL,NULL,NULL,NULL,NULL),(22020113,'LOPEZ PEREZ KEVIN GUSTAVO',NULL,NULL,NULL,NULL,NULL,NULL,NULL,NULL,NULL),(22020114,'RODAS ARZET GERSI ROSALINDA',NULL,NULL,NULL,NULL,NULL,NULL,NULL,NULL,NULL),(22020115,'SOLORZANO AVILA AIDA KRISTAL',NULL,NULL,NULL,NULL,NULL,NULL,NULL,NULL,NULL),(22020116,'AGUILAR HERRERA JUAN LUIS',NULL,NULL,NULL,NULL,NULL,NULL,NULL,NULL,NULL),(22020117,'GOMEZ VELASQUEZ JHONATAN JESUS',NULL,NULL,NULL,NULL,NULL,NULL,NULL,NULL,NULL),(22020118,'MORA MORATAYA HECTOR RICARDO ALEJANDRO',NULL,NULL,NULL,NULL,NULL,NULL,NULL,NULL,NULL),(22020202,'MEDINA ROMERO JORGE ROLANDO',NULL,NULL,NULL,NULL,NULL,NULL,NULL,NULL,NULL),(22020203,'GALICIA CARRERA BRAULIO',NULL,NULL,NULL,NULL,NULL,NULL,NULL,NULL,NULL),(22020204,'ORELLANA ESTRADA  WALTER AROLDO',NULL,NULL,NULL,NULL,NULL,NULL,NULL,NULL,NULL),(22020205,'SANTOS VEGA JOSE MIGUEL',NULL,NULL,NULL,NULL,NULL,NULL,NULL,NULL,NULL),(22020206,'GALLARDO ROSALES CARLOS AUGUSTO',NULL,NULL,NULL,NULL,NULL,NULL,NULL,NULL,NULL),(22020208,'PELEN MORALES EMILIA SARAI',NULL,NULL,NULL,NULL,NULL,NULL,NULL,NULL,NULL),(22020281,'MEJIA JIMENEZ ALBA YESENIA',NULL,NULL,NULL,NULL,NULL,NULL,NULL,NULL,NULL),(22020403,'ZET SOCOY WALTER ANTONIO',NULL,NULL,NULL,NULL,NULL,NULL,NULL,NULL,NULL),(22020404,'FUENTES VASQUEZ JELSIN IRONI',NULL,NULL,NULL,NULL,NULL,NULL,NULL,NULL,NULL),(22020405,'MORATAYA SAMAYOA NELSON APARICIO',NULL,NULL,NULL,NULL,NULL,NULL,NULL,NULL,NULL),(22020501,'CHOREC COLOCHO BARTOLOME',NULL,NULL,NULL,NULL,NULL,NULL,NULL,NULL,NULL),(22020502,'CHACON VASQUEZ JUAN CARLOS',NULL,NULL,NULL,NULL,NULL,NULL,NULL,NULL,NULL),(22020503,'MUÑOZ IXCHOP MARIO LUIS',NULL,NULL,NULL,NULL,NULL,NULL,NULL,NULL,NULL),(22020602,'GONZALEZ SALAZAR LUZ MARIA',NULL,NULL,NULL,NULL,NULL,NULL,NULL,NULL,NULL),(22020701,'MICULAX CHARUC RAFAEL ANTONIO',NULL,NULL,NULL,NULL,NULL,NULL,NULL,NULL,NULL),(22020702,'ITZEP GARCIA  OSCAR SEBASTIAN',NULL,NULL,NULL,NULL,NULL,NULL,NULL,NULL,NULL),(22020801,'MONTERROSO MENDEZ PAULA MERCEDES VICTORIA',NULL,NULL,NULL,NULL,NULL,NULL,NULL,NULL,NULL),(22020901,'DIAZ MORALES GERSON HAMILTON',NULL,NULL,NULL,NULL,NULL,NULL,NULL,NULL,NULL),(22020902,'ANDRES PEDRO',NULL,NULL,NULL,NULL,NULL,NULL,NULL,NULL,NULL),(22020903,'TOC RODRIGUEZ MARTO',NULL,NULL,NULL,NULL,NULL,NULL,NULL,NULL,NULL),(22020904,'VELASQUEZ ROBERTO',NULL,NULL,NULL,NULL,NULL,NULL,NULL,NULL,NULL),(22020906,'TIZOL CAHUEX GREGORIO',NULL,NULL,NULL,NULL,NULL,NULL,NULL,NULL,NULL),(22020908,'RODAS LOPEZ ADAN MOISES',NULL,NULL,NULL,NULL,NULL,NULL,NULL,NULL,NULL),(22020909,'CONTRERAS CHAMIZO ALBERTO SANTIAGO',NULL,NULL,NULL,NULL,NULL,NULL,NULL,NULL,NULL),(22020910,'PLEITEZ GALVEZ KITTY NOEMI',NULL,NULL,NULL,NULL,NULL,NULL,NULL,NULL,NULL),(22020912,'PUAC PUAC LUIS GREGORIO',NULL,NULL,NULL,NULL,NULL,NULL,NULL,NULL,NULL),(22020913,'CIFUENTES MALDONADO BELISARIO NAPOLEON',NULL,NULL,NULL,NULL,NULL,NULL,NULL,NULL,NULL),(22020914,'ROBLERO JUAN MANUEL',NULL,NULL,NULL,NULL,NULL,NULL,NULL,NULL,NULL),(22020916,'BATRES PEREZ LUIS ALFONSO',NULL,NULL,NULL,NULL,NULL,NULL,NULL,NULL,NULL),(22020919,'GONZALEZ ENRIQUEZ JOSE MANUEL',NULL,NULL,NULL,NULL,NULL,NULL,NULL,NULL,NULL),(22020920,'CAMPOLLO ENRIQUEZ JUAN ELIAS',NULL,NULL,NULL,NULL,NULL,NULL,NULL,NULL,NULL),(22020921,'JOCOP LORENZO LUIS ARMANDO',NULL,NULL,NULL,NULL,NULL,NULL,NULL,NULL,NULL),(22020922,'DOMINGUEZ VALIENTE MARIO',NULL,NULL,NULL,NULL,NULL,NULL,NULL,NULL,NULL),(22020924,'GARCIA Y GARCIA GERMAN FERNANDO',NULL,NULL,NULL,NULL,NULL,NULL,NULL,NULL,NULL),(22020925,'VASQUEZ LOPEZ RANDY WOSVELI',NULL,NULL,NULL,NULL,NULL,NULL,NULL,NULL,NULL),(22020926,'MALDONADO SOCH CLAUDIA ALEJANDRA',NULL,NULL,NULL,NULL,NULL,NULL,NULL,NULL,NULL),(22020927,'DE LEON ALVARADO ASTRID MICHELLE',NULL,NULL,NULL,NULL,NULL,NULL,NULL,NULL,NULL),(22020928,'LOPEZ MARTINEZ HENRY ROCAEL',NULL,NULL,NULL,NULL,NULL,NULL,NULL,NULL,NULL),(22020929,'CORADO PALMA DE CABRERA CLAUDIA ESPERANZA',NULL,NULL,NULL,NULL,NULL,NULL,NULL,NULL,NULL),(22020930,'DE LEON CABRERA ERWIN ROGER',NULL,NULL,NULL,NULL,NULL,NULL,NULL,NULL,NULL),(22020931,'ROBLEDO RODRIGUEZ CRISTIAN DELBERT',NULL,NULL,NULL,NULL,NULL,NULL,NULL,NULL,NULL),(22021001,'CHAVAJAY CHACON JUAN',NULL,NULL,NULL,NULL,NULL,NULL,NULL,NULL,NULL),(22021002,'LOPEZ NICOLAS CRISTOBAL',NULL,NULL,NULL,NULL,NULL,NULL,NULL,NULL,NULL),(22021003,'TUMAX ROBERTO ANTONIO',NULL,NULL,NULL,NULL,NULL,NULL,NULL,NULL,NULL),(22021004,'MUY VENTURA AGUSTIN',NULL,NULL,NULL,NULL,NULL,NULL,NULL,NULL,NULL),(22021005,'ORTIZ CASTILLO FRANCISCO GUADALUPE',NULL,NULL,NULL,NULL,NULL,NULL,NULL,NULL,NULL),(22021006,'POMA RAMIREZ CESAR AUGUSTO',NULL,NULL,NULL,NULL,NULL,NULL,NULL,NULL,NULL),(22021007,'PLATA XILOJ MARIO',NULL,NULL,NULL,NULL,NULL,NULL,NULL,NULL,NULL),(22021009,'OVANDO PIERRI LUIS FERNANDO',NULL,NULL,NULL,NULL,NULL,NULL,NULL,NULL,NULL),(22021101,'RAMOS TAYUM ANDRES',NULL,NULL,NULL,NULL,NULL,NULL,NULL,NULL,NULL),(22021102,'DELGADO SANTAY HUGO HUMBERTO',NULL,NULL,NULL,NULL,NULL,NULL,NULL,NULL,NULL),(22021103,'DE LEON ENRIQUEZ DE HIGUEROS GAUDY BRENELY',NULL,NULL,NULL,NULL,NULL,NULL,NULL,NULL,NULL),(22021104,'BATEN CHAY RUPERTO',NULL,NULL,NULL,NULL,NULL,NULL,NULL,NULL,NULL),(22021105,'SARACCINI FERNANDO',NULL,NULL,NULL,NULL,NULL,NULL,NULL,NULL,NULL),(22021107,'MARCIAL RAMOS GUISELA EUNICE',NULL,NULL,NULL,NULL,NULL,NULL,NULL,NULL,NULL),(22021110,'DE LEON QUINTANA YOHANA ELISA',NULL,NULL,NULL,NULL,NULL,NULL,NULL,NULL,NULL),(22021201,'BRAVO KOPPEL FLOR DE MARIA',NULL,NULL,NULL,NULL,NULL,NULL,NULL,NULL,NULL),(22021203,'DE LEON ALVAREZ LORENA DEL ROSARIO',NULL,NULL,NULL,NULL,NULL,NULL,NULL,NULL,NULL),(22021205,'LOPEZ BATZ VINICIO RUBEN',NULL,NULL,NULL,NULL,NULL,NULL,NULL,NULL,NULL),(22021206,'GONZALEZ EUGENIO REGINALDO',NULL,NULL,NULL,NULL,NULL,NULL,NULL,NULL,NULL),(22021301,'GUTIERREZ MENDOZA DANILO RODERICO',NULL,NULL,NULL,NULL,NULL,NULL,NULL,NULL,NULL),(22021302,'ALVARADO PEREZ ALIDA BLANDINA',NULL,NULL,NULL,NULL,NULL,NULL,NULL,NULL,NULL),(22021303,'FRAGA MUÑOZ WALDO CELESTINO',NULL,NULL,NULL,NULL,NULL,NULL,NULL,NULL,NULL),(22021601,'CHOC QUIB GERMAN',NULL,NULL,NULL,NULL,NULL,NULL,NULL,NULL,NULL),(22021602,'TENI CHOCOOJ EDWIN ROLANDO',NULL,NULL,NULL,NULL,NULL,NULL,NULL,NULL,NULL),(22021603,'CACAO PACAY CARLOS HUMBERTO',NULL,NULL,NULL,NULL,NULL,NULL,NULL,NULL,NULL),(22021604,'CU COC OSCAR RENE',NULL,NULL,NULL,NULL,NULL,NULL,NULL,NULL,NULL),(22021605,'CHOC QUIB AMBROCIO',NULL,NULL,NULL,NULL,NULL,NULL,NULL,NULL,NULL),(22021606,'CACAO COY JORGE HORACIO',NULL,NULL,NULL,NULL,NULL,NULL,NULL,NULL,NULL),(22021802,'ARANA RIVAS PEDRO ISABEL',NULL,NULL,NULL,NULL,NULL,NULL,NULL,NULL,NULL),(22021803,'BELTETON FAJARDO EDGAR RENE',NULL,NULL,NULL,NULL,NULL,NULL,NULL,NULL,NULL),(22021804,'CHAYAX TESUCUN JUAN MANUEL',NULL,NULL,NULL,NULL,NULL,NULL,NULL,NULL,NULL),(22021805,'NOLBERTO LABRIEL BYRON RENE',NULL,NULL,NULL,NULL,NULL,NULL,NULL,NULL,NULL),(22021806,'PORRES RODAS ERWIN ESTUARDO',NULL,NULL,NULL,NULL,NULL,NULL,NULL,NULL,NULL),(22021807,'TOBAR VELASQUEZ LUISA GEORGINA',NULL,NULL,NULL,NULL,NULL,NULL,NULL,NULL,NULL),(22021815,'DE LEON ESCOBAR SERGIO EDINILSON',NULL,NULL,NULL,NULL,NULL,NULL,NULL,NULL,NULL),(22021816,'GIRON ESQUIVEL RICARDO',NULL,NULL,NULL,NULL,NULL,NULL,NULL,NULL,NULL),(22021817,'RAMIREZ MARTINEZ MAYRA LORENA',NULL,NULL,NULL,NULL,NULL,NULL,NULL,NULL,NULL),(22021822,'VELASQUEZ RAUL AMILCAR',NULL,NULL,NULL,NULL,NULL,NULL,NULL,NULL,NULL),(22021823,'SALGUERO TENAS MANUEL FRANCISCO',NULL,NULL,NULL,NULL,NULL,NULL,NULL,NULL,NULL),(22021826,'ALVARADO GARCIA ARELIS ARGENTINA',NULL,NULL,NULL,NULL,NULL,NULL,NULL,NULL,NULL),(22021827,'SOLARES POZUELO SALVADOR',NULL,NULL,NULL,NULL,NULL,NULL,NULL,NULL,NULL),(22021831,'ICAL XOL MANUEL',NULL,NULL,NULL,NULL,NULL,NULL,NULL,NULL,NULL),(22021833,'AGUSTIN LEMUS EMILIO ALBERTO',NULL,NULL,NULL,NULL,NULL,NULL,NULL,NULL,NULL),(22021834,'CHOCOJ CAAL JOSE RICARDO',NULL,NULL,NULL,NULL,NULL,NULL,NULL,NULL,NULL),(22021835,'ESPAÑA MORALES MANUEL ALEJANDRO',NULL,NULL,NULL,NULL,NULL,NULL,NULL,NULL,NULL),(22021836,'BONILLA GAMBOA MAYNOR',NULL,NULL,NULL,NULL,NULL,NULL,NULL,NULL,NULL),(22021901,'FERNANDEZ GIL RAFAEL',NULL,NULL,NULL,NULL,NULL,NULL,NULL,NULL,NULL),(22021902,'LOPEZ HERNANDEZ CHRISTIAN ALEXANDER',NULL,NULL,NULL,NULL,NULL,NULL,NULL,NULL,NULL),(22021903,'CHACON ANTON VICTOR MANUEL',NULL,NULL,NULL,NULL,NULL,NULL,NULL,NULL,NULL),(22021904,'ALARCON LOPEZ DE HERNANDEZ EMALYN MILARDY',NULL,NULL,NULL,NULL,NULL,NULL,NULL,NULL,NULL),(22021906,'ALVAREZ PINEDA LUIS EDUARDO',NULL,NULL,NULL,NULL,NULL,NULL,NULL,NULL,NULL),(22021907,'MORALES REYES CLAUDIA EDYTH',NULL,NULL,NULL,NULL,NULL,NULL,NULL,NULL,NULL),(22021908,'MARTINEZ PEREZ BRIGETH ANNELIESSE',NULL,NULL,NULL,NULL,NULL,NULL,NULL,NULL,NULL),(22022001,'ROSALES EDUARDO',NULL,NULL,NULL,NULL,NULL,NULL,NULL,NULL,NULL),(22022003,'BARRIENTOS JULIO GEOVANI',NULL,NULL,NULL,NULL,NULL,NULL,NULL,NULL,NULL),(22022005,'AGOSTO PEREZ CARLOS ALBERTO',NULL,NULL,NULL,NULL,NULL,NULL,NULL,NULL,NULL),(22022006,'URRUTIA GUERRA MILTON YOVANI',NULL,NULL,NULL,NULL,NULL,NULL,NULL,NULL,NULL),(22022007,'ENRIQUEZ ABARCA WALTER FRYDERMAN',NULL,NULL,NULL,NULL,NULL,NULL,NULL,NULL,NULL),(22022101,'FUENTES GALDAMEZ VICTOR FELIPE',NULL,NULL,NULL,NULL,NULL,NULL,NULL,NULL,NULL),(22022102,'JIMENEZ LOPEZ MARVIN EDUARDO',NULL,NULL,NULL,NULL,NULL,NULL,NULL,NULL,NULL),(22022103,'SANCHEZ SERGIO DANILO',NULL,NULL,NULL,NULL,NULL,NULL,NULL,NULL,NULL),(22022104,'MENDEZ GOMEZ JUAN ANTONIO',NULL,NULL,NULL,NULL,NULL,NULL,NULL,NULL,NULL),(22022105,'FRANCO UCELO GABRIELA PAOLA',NULL,NULL,NULL,NULL,NULL,NULL,NULL,NULL,NULL),(22022109,'TOBAR GOMEZ OVIDIO ANTONIO',NULL,NULL,NULL,NULL,NULL,NULL,NULL,NULL,NULL),(22022110,'RUANO ARANA EDGAR ANTONIO',NULL,NULL,NULL,NULL,NULL,NULL,NULL,NULL,NULL),(22022111,'GONZALEZ CHINCHILLA  BRIAN HUMBERTO',NULL,NULL,NULL,NULL,NULL,NULL,NULL,NULL,NULL),(22022201,'GOMEZ ESPINOZA CESAR AUGUSTO',NULL,NULL,NULL,NULL,NULL,NULL,NULL,NULL,NULL),(210101339,'YOC GOMEZ SANDRA PATRICIA',NULL,NULL,NULL,NULL,NULL,NULL,NULL,NULL,NULL),(210101340,'HERNANDEZ LIQUE DARLYNG STIVANY',NULL,NULL,NULL,NULL,NULL,NULL,NULL,NULL,NULL),(220101070,'VALDEZ MARTINEZ BERALICIA AZUCENA',NULL,NULL,NULL,NULL,NULL,NULL,NULL,NULL,NULL);
/*!40000 ALTER TABLE `sgc_empleados` ENABLE KEYS */;
UNLOCK TABLES;

--
-- Table structure for table `sgc_informe_correcion`
--

DROP TABLE IF EXISTS `sgc_informe_correcion`;
/*!40101 SET @saved_cs_client     = @@character_set_client */;
/*!40101 SET character_set_client = utf8 */;
CREATE TABLE `sgc_informe_correcion` (
  `id_informe_correcion` int(11) NOT NULL AUTO_INCREMENT,
  `estado` varchar(45) NOT NULL,
  `descripcion_accion` mediumtext NOT NULL,
  `descripcion_evidencia` mediumtext NOT NULL,
  `id_lider` int(11) NOT NULL,
  `id_enlace` int(11) NOT NULL,
  `fecha` datetime NOT NULL,
  `id_accion_generada` int(11) NOT NULL,
  `id_status` int(11) DEFAULT NULL,
  PRIMARY KEY (`id_informe_correcion`),
  KEY `LiderXInformeCorrecion_idx` (`id_lider`),
  KEY `fk_sgc_informe_correcion_sgc_acciones_generadas1_idx` (`id_accion_generada`),
  CONSTRAINT `LiderXInformeCorrecion` FOREIGN KEY (`id_lider`) REFERENCES `sgc_empleados` (`id_empleado`) ON DELETE NO ACTION ON UPDATE NO ACTION,
  CONSTRAINT `fk_sgc_informe_correcion_sgc_acciones_generadas1` FOREIGN KEY (`id_accion_generada`) REFERENCES `sgc_accion_generada` (`id_accion_generada`) ON DELETE NO ACTION ON UPDATE NO ACTION
) ENGINE=InnoDB AUTO_INCREMENT=3 DEFAULT CHARSET=utf8;
/*!40101 SET character_set_client = @saved_cs_client */;

--
-- Dumping data for table `sgc_informe_correcion`
--

LOCK TABLES `sgc_informe_correcion` WRITE;
/*!40000 ALTER TABLE `sgc_informe_correcion` DISABLE KEYS */;
INSERT INTO `sgc_informe_correcion` VALUES (2,'1','dar1','de1',4,5,'2018-06-06 12:07:56',261,1);
/*!40000 ALTER TABLE `sgc_informe_correcion` ENABLE KEYS */;
UNLOCK TABLES;

--
-- Table structure for table `sgc_informe_ei`
--

DROP TABLE IF EXISTS `sgc_informe_ei`;
/*!40101 SET @saved_cs_client     = @@character_set_client */;
/*!40101 SET character_set_client = utf8 */;
CREATE TABLE `sgc_informe_ei` (
  `id_informe_ei` int(11) NOT NULL AUTO_INCREMENT,
  `anio` int(4) NOT NULL,
  `no_informe` int(11) NOT NULL,
  `fecha` date NOT NULL,
  `id_status` int(11) NOT NULL,
  PRIMARY KEY (`anio`,`no_informe`),
  UNIQUE KEY `id_informe_ei_UNIQUE` (`id_informe_ei`)
) ENGINE=InnoDB AUTO_INCREMENT=7 DEFAULT CHARSET=utf8;
/*!40101 SET character_set_client = @saved_cs_client */;

--
-- Dumping data for table `sgc_informe_ei`
--

LOCK TABLES `sgc_informe_ei` WRITE;
/*!40000 ALTER TABLE `sgc_informe_ei` DISABLE KEYS */;
INSERT INTO `sgc_informe_ei` VALUES (1,2018,1,'2018-06-04',1),(2,2018,2,'2018-06-11',1),(3,2018,3,'2018-06-18',1),(4,2018,4,'2018-06-18',0),(5,2018,5,'2018-06-25',0),(6,2018,6,'2018-06-29',0);
/*!40000 ALTER TABLE `sgc_informe_ei` ENABLE KEYS */;
UNLOCK TABLES;

--
-- Table structure for table `sgc_informe_om`
--

DROP TABLE IF EXISTS `sgc_informe_om`;
/*!40101 SET @saved_cs_client     = @@character_set_client */;
/*!40101 SET character_set_client = utf8 */;
CREATE TABLE `sgc_informe_om` (
  `id_informe_om` int(11) NOT NULL AUTO_INCREMENT,
  `estado` varchar(45) NOT NULL,
  `descripcion_accion` mediumtext NOT NULL,
  `descripcion_evidencia` mediumtext NOT NULL,
  `evidencia` blob,
  `id_lider` int(11) NOT NULL,
  `id_enlace` int(11) NOT NULL,
  `fecha` datetime NOT NULL,
  `id_accion_generada` int(11) NOT NULL,
  `id_status` int(11) DEFAULT NULL,
  PRIMARY KEY (`id_informe_om`),
  KEY `LiderXInformeCorrecion_idx` (`id_lider`),
  KEY `fk_sgc_informe_correcion_sgc_acciones_generadas1_idx` (`id_accion_generada`),
  CONSTRAINT `LiderXInformeCorrecion0` FOREIGN KEY (`id_lider`) REFERENCES `sgc_empleados` (`id_empleado`) ON DELETE NO ACTION ON UPDATE NO ACTION,
  CONSTRAINT `fk_sgc_informe_correcion_sgc_acciones_generadas10` FOREIGN KEY (`id_accion_generada`) REFERENCES `sgc_accion_generada` (`id_accion_generada`) ON DELETE NO ACTION ON UPDATE NO ACTION
) ENGINE=InnoDB AUTO_INCREMENT=5 DEFAULT CHARSET=utf8;
/*!40101 SET character_set_client = @saved_cs_client */;

--
-- Dumping data for table `sgc_informe_om`
--

LOCK TABLES `sgc_informe_om` WRITE;
/*!40000 ALTER TABLE `sgc_informe_om` DISABLE KEYS */;
INSERT INTO `sgc_informe_om` VALUES (4,'3','om dar','om de',NULL,4,5,'2018-06-06 13:42:16',264,-2);
/*!40000 ALTER TABLE `sgc_informe_om` ENABLE KEYS */;
UNLOCK TABLES;

--
-- Table structure for table `sgc_informe_resultados`
--

DROP TABLE IF EXISTS `sgc_informe_resultados`;
/*!40101 SET @saved_cs_client     = @@character_set_client */;
/*!40101 SET character_set_client = utf8 */;
CREATE TABLE `sgc_informe_resultados` (
  `id_correlativo` int(11) NOT NULL AUTO_INCREMENT,
  `anio_inicio` int(10) NOT NULL,
  `no_informe` varchar(25) NOT NULL,
  `fecha_informe` date NOT NULL,
  `cantidad_acciones` int(4) DEFAULT '0',
  `acciones_finalizadas` int(4) DEFAULT '0',
  PRIMARY KEY (`id_correlativo`)
) ENGINE=InnoDB DEFAULT CHARSET=utf8;
/*!40101 SET character_set_client = @saved_cs_client */;

--
-- Dumping data for table `sgc_informe_resultados`
--

LOCK TABLES `sgc_informe_resultados` WRITE;
/*!40000 ALTER TABLE `sgc_informe_resultados` DISABLE KEYS */;
/*!40000 ALTER TABLE `sgc_informe_resultados` ENABLE KEYS */;
UNLOCK TABLES;

--
-- Table structure for table `sgc_menu`
--

DROP TABLE IF EXISTS `sgc_menu`;
/*!40101 SET @saved_cs_client     = @@character_set_client */;
/*!40101 SET character_set_client = utf8 */;
CREATE TABLE `sgc_menu` (
  `id_menu` int(11) NOT NULL AUTO_INCREMENT,
  `Descripcion` varchar(100) NOT NULL,
  `PadreId` int(11) NOT NULL,
  `Habilitado` bit(1) NOT NULL,
  `URL` varchar(100) NOT NULL,
  `Fecha_Creacion` date NOT NULL,
  PRIMARY KEY (`id_menu`)
) ENGINE=InnoDB AUTO_INCREMENT=22 DEFAULT CHARSET=utf8;
/*!40101 SET character_set_client = @saved_cs_client */;

--
-- Dumping data for table `sgc_menu`
--

LOCK TABLES `sgc_menu` WRITE;
/*!40000 ALTER TABLE `sgc_menu` DISABLE KEYS */;
INSERT INTO `sgc_menu` VALUES (1,'SGC',1,'','~/Dashboard/Dashboard','2017-11-13'),(2,'Usuarios',2,'','~/','2017-11-14'),(3,'Ingreso de Usuario',2,'','~/Usuarios/IngresoUsuarios','2017-11-14'),(4,'Listado de Usuarios',2,'','~/Usuarios/ListadoUsuarios','2017-11-15'),(5,'Fuentes',5,'','~/','2017-11-15'),(6,'Informes de Evaluación',5,'','~/InformeResultados/IngresoInforme','2017-11-15'),(7,'Planes de Acción',10,'','~/InformeResultados/PlanAccion','2017-12-04'),(8,'Informes de Corrección',10,'','~/InformeResultados/InformeCorrecion','2017-12-04'),(9,'Fuentes',10,'','~/InformeResultados/IngresoFuente','2018-01-29'),(10,'Acciones',10,'','~/','2018-02-13'),(11,'Listado de Acciones',10,'','~/Acciones/ListadoAcciones','2018-04-01'),(12,'Verificaciones',12,'','~/','2018-04-01'),(13,'Informe de Evaluación Interna',12,'','~/Verificaciones/VerificacionInforme','2018-04-01'),(16,'Plan de Acción',12,'','~/Verificaciones/VerificacionPlanes','2018-04-01'),(17,'Seguimiento',17,'','~/','2018-04-01'),(18,'Plan de Acción',17,'','~/Seguimientos/SeguimientoPlanAccion','2018-04-01'),(19,'Informe de Corrección',12,'','~/Verificaciones/VerificacionInformesCorreccion','2018-04-01'),(20,'Informe de O. de Mejora',10,'','~/InformeResultados/InformeOM','2018-04-01'),(21,'Informe de O. de Mejora',12,'','~/Verificaciones/VerificacionInformesOMejora','2018-04-01');
/*!40000 ALTER TABLE `sgc_menu` ENABLE KEYS */;
UNLOCK TABLES;

--
-- Table structure for table `sgc_menu_usuarios`
--

DROP TABLE IF EXISTS `sgc_menu_usuarios`;
/*!40101 SET @saved_cs_client     = @@character_set_client */;
/*!40101 SET character_set_client = utf8 */;
CREATE TABLE `sgc_menu_usuarios` (
  `id_usuario_menu` int(11) NOT NULL AUTO_INCREMENT,
  `id_menu` int(11) NOT NULL,
  `FechaIngreso` datetime NOT NULL,
  `id_tipo_usuario` int(11) NOT NULL,
  PRIMARY KEY (`id_usuario_menu`),
  KEY `menu x usuarios_idx` (`id_menu`),
  KEY `menu_usuario tipo_usuario_idx` (`id_tipo_usuario`),
  CONSTRAINT `menu_tipoUsuario` FOREIGN KEY (`id_menu`) REFERENCES `sgc_menu` (`id_menu`) ON DELETE NO ACTION ON UPDATE NO ACTION,
  CONSTRAINT `tipoUsuario_menu` FOREIGN KEY (`id_tipo_usuario`) REFERENCES `sgc_tipo_usuario` (`id_tipo_usuario`) ON DELETE NO ACTION ON UPDATE NO ACTION
) ENGINE=InnoDB AUTO_INCREMENT=46 DEFAULT CHARSET=utf8;
/*!40101 SET character_set_client = @saved_cs_client */;

--
-- Dumping data for table `sgc_menu_usuarios`
--

LOCK TABLES `sgc_menu_usuarios` WRITE;
/*!40000 ALTER TABLE `sgc_menu_usuarios` DISABLE KEYS */;
INSERT INTO `sgc_menu_usuarios` VALUES (1,1,'2017-11-13 00:00:00',2),(2,2,'2017-11-14 00:00:00',2),(3,3,'2017-11-14 00:00:00',2),(4,4,'2017-11-15 00:00:00',2),(5,5,'2017-11-15 00:00:00',2),(6,6,'2017-11-15 00:00:00',2),(14,10,'2017-12-05 00:00:00',5),(15,11,'2017-12-05 00:00:00',5),(20,12,'2017-12-05 00:00:00',1),(21,13,'2017-12-05 00:00:00',1),(22,12,'2017-12-05 00:00:00',4),(23,16,'2017-12-05 00:00:00',4),(24,12,'2017-12-05 00:00:00',3),(25,16,'2017-12-05 00:00:00',3),(27,16,'2017-12-05 00:00:00',1),(28,17,'2017-12-05 00:00:00',5),(29,18,'2017-12-05 00:00:00',5),(30,17,'2017-12-05 00:00:00',3),(31,18,'2017-12-05 00:00:00',3),(36,19,'2017-12-05 00:00:00',1),(37,19,'2017-12-05 00:00:00',3),(38,19,'2017-12-05 00:00:00',4),(39,17,'2017-12-05 00:00:00',1),(40,18,'2017-12-05 00:00:00',1),(41,17,'2017-12-05 00:00:00',4),(42,18,'2017-12-05 00:00:00',4),(43,21,'2017-12-05 00:00:00',1),(44,21,'2017-12-05 00:00:00',3),(45,21,'2017-12-05 00:00:00',4);
/*!40000 ALTER TABLE `sgc_menu_usuarios` ENABLE KEYS */;
UNLOCK TABLES;

--
-- Table structure for table `sgc_norma`
--

DROP TABLE IF EXISTS `sgc_norma`;
/*!40101 SET @saved_cs_client     = @@character_set_client */;
/*!40101 SET character_set_client = utf8 */;
CREATE TABLE `sgc_norma` (
  `id_norma` int(11) NOT NULL AUTO_INCREMENT,
  `norma` varchar(45) NOT NULL,
  PRIMARY KEY (`id_norma`)
) ENGINE=InnoDB DEFAULT CHARSET=utf8;
/*!40101 SET character_set_client = @saved_cs_client */;

--
-- Dumping data for table `sgc_norma`
--

LOCK TABLES `sgc_norma` WRITE;
/*!40000 ALTER TABLE `sgc_norma` DISABLE KEYS */;
/*!40000 ALTER TABLE `sgc_norma` ENABLE KEYS */;
UNLOCK TABLES;

--
-- Table structure for table `sgc_perido`
--

DROP TABLE IF EXISTS `sgc_perido`;
/*!40101 SET @saved_cs_client     = @@character_set_client */;
/*!40101 SET character_set_client = utf8 */;
CREATE TABLE `sgc_perido` (
  `id_periodo` int(11) NOT NULL AUTO_INCREMENT,
  `Descripcion` varchar(45) NOT NULL,
  PRIMARY KEY (`id_periodo`)
) ENGINE=InnoDB DEFAULT CHARSET=utf8;
/*!40101 SET character_set_client = @saved_cs_client */;

--
-- Dumping data for table `sgc_perido`
--

LOCK TABLES `sgc_perido` WRITE;
/*!40000 ALTER TABLE `sgc_perido` DISABLE KEYS */;
/*!40000 ALTER TABLE `sgc_perido` ENABLE KEYS */;
UNLOCK TABLES;

--
-- Table structure for table `sgc_plan_accion`
--

DROP TABLE IF EXISTS `sgc_plan_accion`;
/*!40101 SET @saved_cs_client     = @@character_set_client */;
/*!40101 SET character_set_client = utf8 */;
CREATE TABLE `sgc_plan_accion` (
  `id_plan` int(11) NOT NULL AUTO_INCREMENT,
  `tecnica_analisis` varchar(45) NOT NULL,
  `causa_raiz` varchar(45) NOT NULL,
  `id_lider` int(11) NOT NULL,
  `usur_ingreso` varchar(45) NOT NULL,
  `fecha_ingreso` date NOT NULL,
  `fecha_recepcion` date DEFAULT NULL,
  `id_accion_generada` int(11) NOT NULL,
  `id_status` int(11) NOT NULL,
  PRIMARY KEY (`id_plan`),
  KEY `LiderXPlan_idx` (`id_lider`),
  KEY `fk_sgc_plan_accion_sgc_acciones_generadas1_idx` (`id_accion_generada`),
  CONSTRAINT `LiderXPlan` FOREIGN KEY (`id_lider`) REFERENCES `sgc_empleados` (`id_empleado`) ON DELETE NO ACTION ON UPDATE NO ACTION,
  CONSTRAINT `fk_sgc_plan_accion_sgc_acciones_generadas1` FOREIGN KEY (`id_accion_generada`) REFERENCES `sgc_accion_generada` (`id_accion_generada`) ON DELETE NO ACTION ON UPDATE NO ACTION
) ENGINE=InnoDB AUTO_INCREMENT=81 DEFAULT CHARSET=utf8;
/*!40101 SET character_set_client = @saved_cs_client */;

--
-- Dumping data for table `sgc_plan_accion`
--

LOCK TABLES `sgc_plan_accion` WRITE;
/*!40000 ALTER TABLE `sgc_plan_accion` DISABLE KEYS */;
INSERT INTO `sgc_plan_accion` VALUES (79,'No aplica','causa 1',4,'enlace','2018-06-06','2018-06-06',259,1),(80,'No aplica','causa2',4,'enlace','2018-06-06','2018-06-06',260,1);
/*!40000 ALTER TABLE `sgc_plan_accion` ENABLE KEYS */;
UNLOCK TABLES;

--
-- Table structure for table `sgc_proceso`
--

DROP TABLE IF EXISTS `sgc_proceso`;
/*!40101 SET @saved_cs_client     = @@character_set_client */;
/*!40101 SET character_set_client = utf8 */;
CREATE TABLE `sgc_proceso` (
  `id_proceso` int(11) NOT NULL AUTO_INCREMENT,
  `Proceso` varchar(85) NOT NULL,
  PRIMARY KEY (`id_proceso`)
) ENGINE=InnoDB AUTO_INCREMENT=16 DEFAULT CHARSET=utf8;
/*!40101 SET character_set_client = @saved_cs_client */;

--
-- Dumping data for table `sgc_proceso`
--

LOCK TABLES `sgc_proceso` WRITE;
/*!40000 ALTER TABLE `sgc_proceso` DISABLE KEYS */;
INSERT INTO `sgc_proceso` VALUES (1,'Administracion del MEGD'),(2,'Albergues Deportivos'),(3,'Comunicación  del SGC'),(4,'Diseño y Planificación'),(5,'Evaluación Morfofuncional'),(6,'Gestión de Adquisiciones'),(7,'Gestión de la Competencia'),(8,'Gestión Rec. Financieros FADN'),(9,'Mantenimiento Instalaciones'),(10,'Mejora Continua'),(11,'Pago a Proveedores'),(12,'Planificación del SGC'),(13,'Revisión por la Dirección'),(14,'Seguimiento y Medición'),(15,'Todos los procesos');
/*!40000 ALTER TABLE `sgc_proceso` ENABLE KEYS */;
UNLOCK TABLES;

--
-- Table structure for table `sgc_puestos`
--

DROP TABLE IF EXISTS `sgc_puestos`;
/*!40101 SET @saved_cs_client     = @@character_set_client */;
/*!40101 SET character_set_client = utf8 */;
CREATE TABLE `sgc_puestos` (
  `id_puesto` int(11) NOT NULL AUTO_INCREMENT,
  `puesto` varchar(75) NOT NULL,
  PRIMARY KEY (`id_puesto`)
) ENGINE=InnoDB DEFAULT CHARSET=utf8;
/*!40101 SET character_set_client = @saved_cs_client */;

--
-- Dumping data for table `sgc_puestos`
--

LOCK TABLES `sgc_puestos` WRITE;
/*!40000 ALTER TABLE `sgc_puestos` DISABLE KEYS */;
/*!40000 ALTER TABLE `sgc_puestos` ENABLE KEYS */;
UNLOCK TABLES;

--
-- Table structure for table `sgc_seguimiento_informe`
--

DROP TABLE IF EXISTS `sgc_seguimiento_informe`;
/*!40101 SET @saved_cs_client     = @@character_set_client */;
/*!40101 SET character_set_client = utf8 */;
CREATE TABLE `sgc_seguimiento_informe` (
  `id_seguimiento` int(11) NOT NULL AUTO_INCREMENT,
  `id_correlativo` int(11) NOT NULL,
  `fecha_monitoreo` datetime NOT NULL,
  `Estado` int(11) NOT NULL,
  `fecha_fin_planificado` date NOT NULL,
  `fecha_modificadas` datetime DEFAULT NULL,
  `cantidad_ampliacionaes` int(4) DEFAULT NULL,
  `fecha_finalizacion` datetime DEFAULT NULL,
  `Estatus_plan` varchar(10) NOT NULL,
  `Estatus_tiempo` varchar(45) NOT NULL,
  `Avance` decimal(12,2) NOT NULL,
  `Dias_finalizado` int(11) DEFAULT NULL,
  `dias_atendido` int(11) DEFAULT NULL,
  `dias_presentacion_plan` int(11) DEFAULT NULL,
  `observaciones` varchar(95) NOT NULL,
  PRIMARY KEY (`id_seguimiento`),
  KEY `correlativo plan _idx` (`id_correlativo`),
  CONSTRAINT `correlativo plan ` FOREIGN KEY (`id_correlativo`) REFERENCES `sgc_informe_resultados` (`id_correlativo`) ON DELETE NO ACTION ON UPDATE NO ACTION
) ENGINE=InnoDB DEFAULT CHARSET=utf8;
/*!40101 SET character_set_client = @saved_cs_client */;

--
-- Dumping data for table `sgc_seguimiento_informe`
--

LOCK TABLES `sgc_seguimiento_informe` WRITE;
/*!40000 ALTER TABLE `sgc_seguimiento_informe` DISABLE KEYS */;
/*!40000 ALTER TABLE `sgc_seguimiento_informe` ENABLE KEYS */;
UNLOCK TABLES;

--
-- Table structure for table `sgc_solicitud_accion`
--

DROP TABLE IF EXISTS `sgc_solicitud_accion`;
/*!40101 SET @saved_cs_client     = @@character_set_client */;
/*!40101 SET character_set_client = utf8 */;
CREATE TABLE `sgc_solicitud_accion` (
  `id_solicitud` int(11) NOT NULL AUTO_INCREMENT,
  `id_tipo` int(11) NOT NULL,
  `anio` int(11) NOT NULL,
  `Descripicion` varchar(100) NOT NULL,
  `id_proceso` int(11) NOT NULL,
  `id_unidad` int(11) NOT NULL,
  `id_dependencia` int(11) NOT NULL,
  `nom_encuesta` varchar(45) DEFAULT NULL,
  `no_rev` varchar(45) DEFAULT NULL,
  `no_compromiso` varchar(45) DEFAULT NULL,
  `fecha_rev` date DEFAULT NULL,
  `id_tipo_expresion` int(11) DEFAULT NULL,
  `codigo_queja` varchar(45) DEFAULT NULL,
  `id_periodo` int(11) DEFAULT NULL,
  PRIMARY KEY (`id_solicitud`),
  CONSTRAINT `TipoSolicitud` FOREIGN KEY (`id_solicitud`) REFERENCES `sgc_tipo_solicitud` (`id_tipo`) ON DELETE NO ACTION ON UPDATE NO ACTION
) ENGINE=InnoDB DEFAULT CHARSET=utf8;
/*!40101 SET character_set_client = @saved_cs_client */;

--
-- Dumping data for table `sgc_solicitud_accion`
--

LOCK TABLES `sgc_solicitud_accion` WRITE;
/*!40000 ALTER TABLE `sgc_solicitud_accion` DISABLE KEYS */;
/*!40000 ALTER TABLE `sgc_solicitud_accion` ENABLE KEYS */;
UNLOCK TABLES;

--
-- Table structure for table `sgc_status_accion_generada`
--

DROP TABLE IF EXISTS `sgc_status_accion_generada`;
/*!40101 SET @saved_cs_client     = @@character_set_client */;
/*!40101 SET character_set_client = utf8 */;
CREATE TABLE `sgc_status_accion_generada` (
  `id_status` int(11) NOT NULL,
  `nombre` varchar(45) NOT NULL,
  PRIMARY KEY (`id_status`)
) ENGINE=InnoDB DEFAULT CHARSET=utf8;
/*!40101 SET character_set_client = @saved_cs_client */;

--
-- Dumping data for table `sgc_status_accion_generada`
--

LOCK TABLES `sgc_status_accion_generada` WRITE;
/*!40000 ALTER TABLE `sgc_status_accion_generada` DISABLE KEYS */;
INSERT INTO `sgc_status_accion_generada` VALUES (-1,'Rechazada'),(0,'Pendiente'),(1,'Ingresada'),(11,'Actividades Generadas PA'),(12,'Validado Líder'),(13,'Validado Analista'),(14,'Validado Director');
/*!40000 ALTER TABLE `sgc_status_accion_generada` ENABLE KEYS */;
UNLOCK TABLES;

--
-- Table structure for table `sgc_status_informe_ei`
--

DROP TABLE IF EXISTS `sgc_status_informe_ei`;
/*!40101 SET @saved_cs_client     = @@character_set_client */;
/*!40101 SET character_set_client = utf8 */;
CREATE TABLE `sgc_status_informe_ei` (
  `id_status` int(11) NOT NULL,
  `nombre` varchar(45) NOT NULL,
  PRIMARY KEY (`id_status`)
) ENGINE=InnoDB DEFAULT CHARSET=utf8;
/*!40101 SET character_set_client = @saved_cs_client */;

--
-- Dumping data for table `sgc_status_informe_ei`
--

LOCK TABLES `sgc_status_informe_ei` WRITE;
/*!40000 ALTER TABLE `sgc_status_informe_ei` DISABLE KEYS */;
INSERT INTO `sgc_status_informe_ei` VALUES (-2,'Rechazado'),(0,'Pendiente'),(1,'Ingresado'),(2,'Validado Director');
/*!40000 ALTER TABLE `sgc_status_informe_ei` ENABLE KEYS */;
UNLOCK TABLES;

--
-- Table structure for table `sgc_tipo_accion`
--

DROP TABLE IF EXISTS `sgc_tipo_accion`;
/*!40101 SET @saved_cs_client     = @@character_set_client */;
/*!40101 SET character_set_client = utf8 */;
CREATE TABLE `sgc_tipo_accion` (
  `id_tipo_accion` int(11) NOT NULL AUTO_INCREMENT,
  `accion` varchar(85) NOT NULL,
  `abreviacion` varchar(25) DEFAULT NULL,
  PRIMARY KEY (`id_tipo_accion`)
) ENGINE=InnoDB AUTO_INCREMENT=6 DEFAULT CHARSET=utf8;
/*!40101 SET character_set_client = @saved_cs_client */;

--
-- Dumping data for table `sgc_tipo_accion`
--

LOCK TABLES `sgc_tipo_accion` WRITE;
/*!40000 ALTER TABLE `sgc_tipo_accion` DISABLE KEYS */;
INSERT INTO `sgc_tipo_accion` VALUES (1,'AC','AC'),(2,'AM','AM'),(4,'CO','CO'),(5,'IOM','IOM');
/*!40000 ALTER TABLE `sgc_tipo_accion` ENABLE KEYS */;
UNLOCK TABLES;

--
-- Table structure for table `sgc_tipo_expresion`
--

DROP TABLE IF EXISTS `sgc_tipo_expresion`;
/*!40101 SET @saved_cs_client     = @@character_set_client */;
/*!40101 SET character_set_client = utf8 */;
CREATE TABLE `sgc_tipo_expresion` (
  `id_expresion` int(11) NOT NULL AUTO_INCREMENT,
  `Descripcion` varchar(45) NOT NULL,
  PRIMARY KEY (`id_expresion`)
) ENGINE=InnoDB DEFAULT CHARSET=utf8;
/*!40101 SET character_set_client = @saved_cs_client */;

--
-- Dumping data for table `sgc_tipo_expresion`
--

LOCK TABLES `sgc_tipo_expresion` WRITE;
/*!40000 ALTER TABLE `sgc_tipo_expresion` DISABLE KEYS */;
/*!40000 ALTER TABLE `sgc_tipo_expresion` ENABLE KEYS */;
UNLOCK TABLES;

--
-- Table structure for table `sgc_tipo_solicitud`
--

DROP TABLE IF EXISTS `sgc_tipo_solicitud`;
/*!40101 SET @saved_cs_client     = @@character_set_client */;
/*!40101 SET character_set_client = utf8 */;
CREATE TABLE `sgc_tipo_solicitud` (
  `id_tipo` int(11) NOT NULL AUTO_INCREMENT,
  `Descripcion` varchar(45) NOT NULL,
  PRIMARY KEY (`id_tipo`)
) ENGINE=InnoDB DEFAULT CHARSET=utf8;
/*!40101 SET character_set_client = @saved_cs_client */;

--
-- Dumping data for table `sgc_tipo_solicitud`
--

LOCK TABLES `sgc_tipo_solicitud` WRITE;
/*!40000 ALTER TABLE `sgc_tipo_solicitud` DISABLE KEYS */;
/*!40000 ALTER TABLE `sgc_tipo_solicitud` ENABLE KEYS */;
UNLOCK TABLES;

--
-- Table structure for table `sgc_tipo_usuario`
--

DROP TABLE IF EXISTS `sgc_tipo_usuario`;
/*!40101 SET @saved_cs_client     = @@character_set_client */;
/*!40101 SET character_set_client = utf8 */;
CREATE TABLE `sgc_tipo_usuario` (
  `id_tipo_usuario` int(11) NOT NULL,
  `nombre` varchar(45) NOT NULL,
  `descripcion` varchar(100) DEFAULT NULL,
  PRIMARY KEY (`id_tipo_usuario`)
) ENGINE=InnoDB DEFAULT CHARSET=utf8;
/*!40101 SET character_set_client = @saved_cs_client */;

--
-- Dumping data for table `sgc_tipo_usuario`
--

LOCK TABLES `sgc_tipo_usuario` WRITE;
/*!40000 ALTER TABLE `sgc_tipo_usuario` DISABLE KEYS */;
INSERT INTO `sgc_tipo_usuario` VALUES (1,'Director','Director'),(2,'Administrador','Administrador'),(3,'Analista','Analista'),(4,'Enlace','Enlace'),(5,'Líder','Líder');
/*!40000 ALTER TABLE `sgc_tipo_usuario` ENABLE KEYS */;
UNLOCK TABLES;

--
-- Table structure for table `sgc_unidad`
--

DROP TABLE IF EXISTS `sgc_unidad`;
/*!40101 SET @saved_cs_client     = @@character_set_client */;
/*!40101 SET character_set_client = utf8 */;
CREATE TABLE `sgc_unidad` (
  `id_unidad` int(1) NOT NULL AUTO_INCREMENT,
  `codigo_unidad` smallint(2) NOT NULL,
  `Unidad` varchar(75) NOT NULL,
  `id_padre` int(11) NOT NULL,
  `iniciales` varchar(10) NOT NULL,
  `fechaIngreso` datetime NOT NULL,
  PRIMARY KEY (`id_unidad`)
) ENGINE=InnoDB AUTO_INCREMENT=120 DEFAULT CHARSET=utf8;
/*!40101 SET character_set_client = @saved_cs_client */;

--
-- Dumping data for table `sgc_unidad`
--

LOCK TABLES `sgc_unidad` WRITE;
/*!40000 ALTER TABLE `sgc_unidad` DISABLE KEYS */;
INSERT INTO `sgc_unidad` VALUES (21,1,'DIRECCIÓN SUPERIOR',21,'DS','2016-04-06 12:54:45'),(22,2,'SUBGERENCIA FINANCIERA',22,'SGF','2016-04-06 13:37:21'),(23,3,'SUBGERENCIA ADMINISTRATIVA',23,'SGA','2016-04-06 13:37:48'),(24,4,'DIRECCIÓN DE ASUNTOS JURÍDICOS',24,'AJ','2016-04-06 13:38:04'),(25,5,'AUDITORÍA INTERNA',25,'AI','2016-04-06 13:38:22'),(26,6,'DIRECCIÓN DE COMUNICACIÓN',26,'DC','2016-04-06 13:38:51'),(27,7,'SUBGERENCIA DE GESTIÓN NACIONAL',27,'SGN','2016-04-06 13:39:03'),(28,8,'DIRECCIÓN DE ATENCIÓN A FADN',28,'ATF','2016-04-06 13:39:26'),(29,9,'SUBGERENCIA DE DESARROLLO INSTITUCIONAL',29,'SDI','2016-04-06 13:39:53'),(30,10,'SUBGERENCIA DE DESARROLLO HUMANO',30,'SDH','2016-04-06 13:40:12'),(31,11,'SUBGERENCIA TÉCNICA',31,'SGT','2016-04-06 13:40:47'),(32,12,'SUBGERENCIA DE CIENCIAS APLICADAS AL DEPORTE',32,'CCAA','2016-04-06 13:41:04'),(33,13,'S/N',33,'N/A','2016-04-06 13:41:53'),(34,14,'SUBGERENCIA DE INFRAESTRUCTURA',34,'SGI','2016-04-06 13:42:13'),(35,15,'DIRECCIÓN DE SEGUIMIENTO Y EVALUACIÓN a FADN',35,'DMEGD','0000-00-00 00:00:00'),(36,16,'DIRECCIÓN DE RELACIONES INTERINSTITUCIONALES',21,'DRISC','0000-00-00 00:00:00'),(37,17,'DIRECCIÓN DE LA ESTRATEGIA DE LAS CIENCIAS APLICADAS AL DEPORTE',32,'DECAD','0000-00-00 00:00:00'),(38,18,'SUBGERENCIA DE PROYECTOS ESPECÍFICOS DE INFRAESTRUCTURA DEPORTIVA',34,'SPEI','0000-00-00 00:00:00'),(39,1,'DISMED',21,'DS','2017-06-06 12:42:00'),(40,10,'GESTION DE PERSONAL',30,'SGF','2017-06-20 15:42:00'),(41,10,'CAPACITACION Y DESARROLLO',30,'SGF','2017-06-21 08:17:00'),(42,10,'RECLUTAMIENTO Y SELECCION',40,'SGF','2017-06-21 08:17:00'),(43,10,'CONTRATACION Y ACCIONES DE PERSONAL',40,'SGF','2017-06-21 08:17:00'),(44,10,'NOMINAS Y PLANTILLAS',40,'SGF','2017-06-21 08:17:00'),(45,10,'CLASIFICACION Y EVALUACION DE PUESTOS',40,'SGF','2017-06-21 08:17:00'),(46,2,'CONTABILIDAD',22,'SGF','2017-06-21 08:17:00'),(47,2,'PRESUPUESTO',22,'SGF','2017-06-21 08:17:00'),(48,2,'TESORERIA',22,'SGF','2017-06-21 08:17:00'),(49,2,'SISTEMAS FINANCIEROS',22,'SGF','2017-06-21 08:17:00'),(50,3,'LOGISTICA',23,'SGA','2017-06-21 08:17:00'),(51,3,'SERVICIOS GENERALES',23,'SGA','2017-06-21 08:17:00'),(52,3,'DIRECCIÓN DE COMPRAS Y CONTRATACIONES',23,'SGA','2017-06-21 08:17:00'),(53,3,'SEGURIDAD',23,'SGA','2017-06-21 08:17:00'),(54,3,'TRANSPORTE',51,'SGA','2017-06-21 08:17:00'),(55,3,'ALMACEN',51,'SGA','2017-06-21 08:17:00'),(56,3,'SOPORTE TECINCO',51,'SGA','2017-06-21 08:17:00'),(57,3,'RECEPCION',51,'SGA','2017-06-21 08:17:00'),(58,3,'ARCHIVO Y MENSAJERIA',51,'SGA','2017-06-21 08:17:00'),(59,3,'LIMPIEZA',51,'SGA','2017-06-21 08:17:00'),(60,3,'REPRODUCCION DE MATERIALES',51,'SGA','2017-06-21 08:17:00'),(61,3,'COMPRAS DIRECTA',52,'SGA','2017-06-21 08:17:00'),(62,3,'COMPRAS POR EVENTOS',52,'SGA','2017-06-21 08:17:00'),(63,6,'INFORMACION PUBLICA',26,'DC','2017-06-21 08:17:00'),(64,7,'DIRECCIONES REGIONALES',27,'SGN','2017-06-21 08:17:00'),(66,7,'ADMINISTRADORES DE AREAS DEPORTIVAS',64,'SGN','2017-06-21 08:53:46'),(67,8,'REGIMEN DE PRESTACIONES',28,'ATF','2017-06-21 08:55:04'),(68,9,'GESTION DE LA ESTRATEGIA',29,'SDI','2017-06-21 09:00:35'),(69,9,'DIRECCION DE PROCESOS',29,'SDI','2017-06-21 09:00:35'),(70,9,'INNOVACION Y TECNOLOGIA',29,'SDI','2017-06-21 09:00:35'),(71,11,'DIRECCIÓN DE PROGRAMAS TÉCNICOS INTERINSTITUCIONALES Y DE COOPERACIÓN',31,'SGT','2017-06-21 09:07:50'),(72,11,'DIRECCIÓN DE FORMACION TECNICA',31,'SGT','2017-06-21 09:07:50'),(73,11,'DIRECCIÓN DE NORMATIVA DE EXCELENCIA',31,'SGT','2017-06-21 09:07:50'),(74,11,'DIRECCIÓN DE DESARROLLO',31,'SGT','2017-06-21 09:07:50'),(75,11,'PROGRAMAS DE APOYO TECNICO',31,'SGT','2017-06-21 09:07:50'),(76,11,'ESTADISTICA',31,'SGT','2017-06-21 09:07:50'),(77,11,'DISEñO CURRICULAR',72,'SGT','2017-06-21 09:10:46'),(78,11,'DESARROLLO DE ENTRENADORES',72,'SGT','2017-06-21 09:10:46'),(79,11,'JORNADAS CIENTIFICAS',72,'SGT','2017-06-21 09:10:46'),(80,11,'DESARROLLO ARBITRAL',72,'SGT','2017-06-21 09:10:46'),(81,11,'ANALISIS GESTION FADN',73,'SGT','2017-06-21 09:13:34'),(82,11,'ANALISIS GESTION CDAG',73,'SGT','2017-06-21 09:13:34'),(83,11,'JUEGOS DEPORTIVOS',74,'SGT','2017-06-21 09:17:19'),(84,11,'ALTO RENDIMIENTO',74,'SGT','2017-06-21 09:17:19'),(85,11,'MASIFICACION Y PROMOCION DEPORTIVA',74,'SGT','2017-06-21 09:17:19'),(86,11,'ACONDICIONAMIENTO DEPORTIVO',75,'SGT','2017-06-21 09:18:52'),(87,11,'EJES TRANSVERSALES',75,'SGT','2017-06-21 09:18:52'),(88,12,'INVESTIGACION',32,'CCAA','2017-06-21 09:23:43'),(89,12,'CENTRO DE ESPECIALIDADES',32,'CCAA','2017-06-21 09:23:43'),(90,12,'ACOMPAñAMIENTO AL DESARROLLO DEPORTIVO',32,'CCAA','2017-06-21 09:23:43'),(91,12,'CENTRO DE PERFECCIONAMIENTO DEPORTIVO',32,'CCAA','2017-06-21 09:23:43'),(92,12,'ANTI DOPPING',32,'CCAA','2017-06-21 09:23:43'),(93,12,'MEDICINA GENERAL',89,'CCAA','2017-06-21 09:35:59'),(94,12,'PSICOLOGIA',89,'CCAA','2017-06-21 09:35:59'),(95,12,'LABORATORIO CLINICO',89,'CCAA','2017-06-21 09:35:59'),(96,12,'TRAUMATOLOGIA Y ORTOPEDIA',89,'CCAA','2017-06-21 09:35:59'),(97,12,'FISIATRIA Y FISIOTERAPIA',89,'CCAA','2017-06-21 09:35:59'),(98,12,'NUTRICION',89,'CCAA','2017-06-21 09:35:59'),(99,12,'ODONTOLOGIA',89,'CCAA','2017-06-21 09:35:59'),(100,12,'EQUIPOS MULTIDISCIPLLINARIOS',90,'CCAA','2017-06-21 09:36:49'),(101,12,'FISIOLOGIA DEL EJERCICIO',91,'CCAA','2017-06-21 09:38:46'),(102,12,'BIOMECANICA',91,'CCAA','2017-06-21 09:38:46'),(103,14,'GESTION DE PROYECTOS DE INFRAESTRUCTURA',34,'SGI','2017-06-21 09:45:49'),(104,14,'DISEñO Y PLANIFACION',34,'SGI','2017-06-21 09:45:49'),(105,14,'MANTENIMIENTO',34,'SGI','2017-06-21 09:45:49'),(106,14,'SUPERVISION',34,'SGI','2017-06-21 09:45:49'),(107,14,'GESTION Y SEGUIMIENTO DE PROYECTOS DE INVESRION PUBLICA (SNIP)',34,'SGI','2017-06-21 09:45:49'),(108,14,'CALCULO',103,'SGI','2017-06-21 09:47:54'),(109,14,'REGISTRO Y CONTROL DE BIENES',103,'SGI','2017-06-21 09:47:54'),(110,14,'PLANIFICACION',104,'SGI','2017-06-21 09:49:35'),(111,14,'DISEñO',104,'SGI','2017-06-21 09:49:35'),(112,14,'PLOMERIA Y DRENAJE',105,'SGI','2017-06-21 09:50:25'),(113,14,'ELECTRICO',105,'SGI','2017-06-21 09:50:25'),(114,7,'COORDINACIÓN DE GESTIÓN ADMINISTRATIVA',27,'SGN','2017-09-18 16:00:00'),(115,7,'COORDINACIÓN DE GESTIÓN FINANCIERA',27,'SGN','2017-09-18 16:00:00'),(116,7,'COORDINACIÓN DE GESTIÓN DE DESARROLLO HUMANO',27,'SGN','2017-09-18 16:00:00'),(117,7,'COORDINACIÓN DE GESTIÓN DE INFRAESTRUCTURA',27,'SGN','2017-09-18 16:00:00'),(118,7,'COORDINACIÓN DE GESTIÓN TÉCNICA',27,'SGN','2017-09-18 16:00:00'),(119,11,'DIRECCIÓN DE RETENCIÓN Y APOYO AL TALENTO',31,'SGT','2017-09-19 15:31:00');
/*!40000 ALTER TABLE `sgc_unidad` ENABLE KEYS */;
UNLOCK TABLES;

--
-- Table structure for table `sgc_usuario`
--

DROP TABLE IF EXISTS `sgc_usuario`;
/*!40101 SET @saved_cs_client     = @@character_set_client */;
/*!40101 SET character_set_client = utf8 */;
CREATE TABLE `sgc_usuario` (
  `idusuario` int(11) NOT NULL AUTO_INCREMENT,
  `Usuario` varchar(45) NOT NULL,
  `Contrasena` varbinary(100) NOT NULL,
  `Habilitado` int(11) NOT NULL,
  `id_empleado` int(11) NOT NULL,
  `id_tipo_usuario` int(11) NOT NULL,
  PRIMARY KEY (`idusuario`),
  UNIQUE KEY `Usuario_UNIQUE` (`Usuario`),
  KEY `empleado_idx` (`id_empleado`),
  KEY `TipoUsuario_idx` (`id_tipo_usuario`),
  CONSTRAINT `Empleado` FOREIGN KEY (`id_empleado`) REFERENCES `sgc_empleados` (`id_empleado`) ON DELETE NO ACTION ON UPDATE NO ACTION,
  CONSTRAINT `TipoUsuario` FOREIGN KEY (`id_tipo_usuario`) REFERENCES `sgc_tipo_usuario` (`id_tipo_usuario`) ON DELETE NO ACTION ON UPDATE NO ACTION
) ENGINE=InnoDB AUTO_INCREMENT=30 DEFAULT CHARSET=utf8;
/*!40101 SET character_set_client = @saved_cs_client */;

--
-- Dumping data for table `sgc_usuario`
--

LOCK TABLES `sgc_usuario` WRITE;
/*!40000 ALTER TABLE `sgc_usuario` DISABLE KEYS */;
INSERT INTO `sgc_usuario` VALUES (25,'director','([PN4\z\\'\4ņ',1,1,1),(26,'admin','\r)\;0d?}\',1,2,2),(27,'analista','4m]\WYl\',1,3,3),(28,'lider','}z$;>QgO>u',1,4,4),(29,'enlace','\p\\8	Zy\\r',1,5,5);
/*!40000 ALTER TABLE `sgc_usuario` ENABLE KEYS */;
UNLOCK TABLES;
/*!40103 SET TIME_ZONE=@OLD_TIME_ZONE */;

/*!40101 SET SQL_MODE=@OLD_SQL_MODE */;
/*!40014 SET FOREIGN_KEY_CHECKS=@OLD_FOREIGN_KEY_CHECKS */;
/*!40014 SET UNIQUE_CHECKS=@OLD_UNIQUE_CHECKS */;
/*!40101 SET CHARACTER_SET_CLIENT=@OLD_CHARACTER_SET_CLIENT */;
/*!40101 SET CHARACTER_SET_RESULTS=@OLD_CHARACTER_SET_RESULTS */;
/*!40101 SET COLLATION_CONNECTION=@OLD_COLLATION_CONNECTION */;
/*!40111 SET SQL_NOTES=@OLD_SQL_NOTES */;

-- Dump completed on 2018-06-08 12:47:10
